1,1,沓,234,"but
buty",
2,1,蟇,215,ropucha,
3,1,鵑,215,kukułka,
4,1,蝙,173,nietoperz,
5,1,蝠,173,nietoperz,
6,1,壺,167,"dzban
garnek",
7,1,頸,149,"głowa
szyja",
8,1,蟆,147,ropucha,
9,1,廻,141,"obwód
okrąg
krążyć
obejść
omijać
gra",
10,1,蜥,138,"jaszczurka
jaszczur",
11,1,蜴,138,"jaszczurka
jaszczur",
12,1,喰,127,"picie
jedzenie
otrzymanie ciosu
otrzymanie uderzenia",
13,1,曳,125,"przyznać
uznać
instalować
montować
szarpnięcie
drganie
pociągnięcie
nawiązywać
odsyłać",
14,1,猩,123,orangutan,
15,1,鮨,119,"sushi
przyprawiony ryż",
16,1,櫨,118,"sumak (rodzaj roślin należący do rodziny nanerczowatych)
woskowe drzewo",
17,1,蟾,113,ropucha,
18,1,蝗,110,locusta,monotypowy rodzaj owadów prostoskrzydłych z rodziny szarańczowatych
19,1,鷸,109,"zimorodek
bekas
dubelt",
20,1,梟,107,"sowa
wystawiać
odsłaniać",
21,1,滓,105,"osad
dno",
22,1,葺,102,"strzecha
poszycie
słomiany pokrycie
gont",
23,1,梔,101,gardenia,
24,1,霍,98,"szybki
prędki
nagły
raptowny
gwałtowny",
25,1,蕪,96,rzepa,
26,1,叉,95,rozwidlenie,
27,1,搗,94,"walenie
tłuczenie
ucieranie
łomotanie
łuskanie",
28,1,烟,94,"dym
palenie",
29,1,獺,93,wydra,
30,1,擂,91,"trzeć
ucieranie
ścieranie
kruszenie
rozgniatanie",
31,1,鳶,91,kania,ptak z rodziny jastrzębiowatych
32,1,鰹,90,bonito,gatunek drapieżnej ryby morskiej z rodziny makrelowatych
33,1,刳,89,"jasny
czysty
pogodny
spokojny",
34,1,蜱,88,"kleszcz
kruszynka
drobinka",
35,1,鴉,88,"kruk
wrona",
36,1,珪,87,nefrytowe berło,symbol władzy
37,1,盃,87,"filiżanka
kubek
miseczka
garnuszek",
38,1,苧,87,"konopie
stryczek
szczmiel",rodzaj rośliny
39,1,璃,83,"szklisty
szklany
lazurowy",
40,1,贄,82,"ofiarowanie
poświęcenie",
41,1,蓬,81,bylica,rodzaj rośliny
42,1,虻,79,bąk,
43,1,鞘,78,"pochwa
osłona
powłoka
skorupka",
44,1,鰭,76,płetwa,
45,1,拗,75,"krzywy
zakrzywiony
pokręcony
skrzywiony
skręcony",
46,1,陀,75,"stromy
spadzisty
urwisty",
47,1,縒,74,"skręt
skręcenie
obrót
skrzywienie",
48,1,楓,73,klon,
49,1,腔,73,"dziura w ciele
otwór w ciele
wnęka w ciele",
50,1,虱,73,"wesz
wsza
robak
szkodnik
insekt",
51,1,歎,72,"żal
smutek
zmartwienie
zgryzota
lament
narzekanie",
52,1,翅,72,skrzydło owada,
53,1,蛄,72,"cykada
piewik",rodzina pluskwiaków z podrzędu piewików
54,1,曾,71,"przedtem
poprzednio
kiedykolwiek
kiedyś
niegdyś",
55,1,椰,71,drzewo kokosowe,
56,1,疣,71,"brodawka
narośl
kurzajka",
57,1,駈,71,"postęp
galop
galopowanie
pędzenie
bieg",
58,1,淋,70,"bezludny
opuszczony
opustoszały
pusty",
59,1,鬚,70,"broda
zarost
wąsy",
60,1,仔,68,"potomstwo
potomek
dziecko
młode",
61,1,菟,68,kanianka,rodzaj roślin należący do rodziny powojowatych
62,1,鯱,68,"orka
miecznik",
63,1,漉,67,"wyrób papierowy
przeciekać
przenikać
przepuszczać",
64,1,爾,67,"druga osoba
ty",
65,1,祓,67,"egzorcyzmować
zaklinać",
66,1,蜚,67,"chrząszcz
żuk
karaluch",
67,1,糠,66,otręby ryżowe,
68,1,褌,66,przepaska na biodra,
69,1,鼬,66,"gronostaj
łasica
skunks",
70,1,欝,65,"depresja
przygnębienie
melancholia
smutek",
71,1,鬢,65,"baczki
baki
bokobrody",
72,1,掠,64,"oszust
oszustwo
zadraśnięcie
draśnięcie
obtarcie
zadrapanie
wskazówka
sugestia
grabież
rabunek
łupiestwo",
73,1,鞭,64,"[klasyfikator na karę chłosty]
bat
bicz
pejcz",
74,1,螂,63,modliszka,
75,1,梏,62,kajdany,
76,1,蘿,62,bluszcz,
77,1,蛤,62,małż,
78,1,鄙,62,"być wiejski
być prowincjonalny
być niski
być pokorny
wieś",
79,1,孑,61,larwa komara,
80,1,橡,61,kasztan,
81,1,蚓,61,dżdżownica,
82,1,蚯,61,dżdżownica,
83,1,鼯,59,polatuch,"plemię gryzoni z rodziny wiewiórkowatych, inaczej nazywane latającymi wiewiórkami"
84,1,椋,58,"szary szpak
rodzaj liściastego drzewa",
85,1,蕩,58,"być zaczarowany
być zaklęty
być oczarowany
być zachwycony
ująć
urzec
zniewalać
czarować
topnieć
topić
rozpływać",
86,1,沁,57,"wsiąkać
wchłaniać
przenikać
wnikać
przedostać się
wchodzić
penetrować",
87,1,羞,57,"czuć się zawstydzony
czuć się zażenowany
wstydzić się",
88,1,鰌,57,piskorz,
89,1,囂,56,"hałaśliwy
burzliwy
szumny
głośny
krzykliwy",
90,1,蜍,56,ropucha,
91,1,銜,56,wędzidło,
92,1,咽,55,"gardło
duszenie
dławienie
duchota
duszny",
93,1,弗,55,dolar,
94,1,蠊,55,karaluch,
95,1,赫,55,"rozjaśnienie
rozświetlenie
oświetlenie",
96,1,憑,54,"według
wedle
zależeć
polegać
dowodzić
udowadniać
wykazać",
97,1,坦,53,"poziom
szeroki
obszerny",
98,1,糟,53,"osad
grunt
ziemia",
99,1,蝨,53,"wesz
robactwo
szkodnik
insekt",
100,1,雉,53,bażant,
101,1,鸚,53,papuga,
102,1,竈,52,"palenisko
piec kuchenny",
103,1,註,51,"komentarz
notatka",
104,1,餠,51,ciastko ryżowe,
105,1,洩,50,"ujście
wyciek
nieszczelność",
106,1,茫,50,"rozległy
szeroki
ogromny",
107,1,蚤,50,pchła,
108,1,鋒,50,"ostrze miecza
ostrze sztyletu",
109,1,駁,50,"sprzeczność
sprzeciw
obalenie
odparcie",
110,1,鶸,50,"dzwoniec
czyż",ptak
111,1,巵,49,"trafny
zdolny
skłonny
pojętny
stosowny
odpowiedni
duża czara (np. do wina)",
112,1,鴟,49,"kania
jastrząb",
113,1,黐,49,lep na ptaki,
114,1,齣,49,"paragraf
akapit
sekcja",
115,1,叛,48,"wyzywać
przeciwstawiać się
opierać się
nie słuchać się
być nieposłusznym
buntownik
rebeliant
powstaniec
bunt
rebelia",
116,1,枷,48,"wieź
wiązanie
związek
kajdany",
117,1,梃,48,"dźwignia
lewar
drążek",
118,1,碾,48,"miażdżyć
kruszyć
moździerz",
119,1,簇,48,"tłum
tłok
gromada
grupa
rój
chmara",
120,1,剌,47,"tendencyjny
stronniczy
uprzedzony
przeciwstawny
wrogi",
121,1,濾,47,"przenikanie
przesączanie",
122,1,頽,47,"upadek
utrata
zniżka
zmniejszenie
pogorszenie
osuwanie się
spadanie",
123,1,戲,46,"figlowanie
igranie
granie
sport",
124,1,櫚,46,rodzaj pigwy,
125,1,薙,46,"wykosić
skosić
kosić",
126,1,辣,46,"okrutny
srogi
bezlitosny
cierpki
pikantny
ostry
pieprzny",
127,1,鯊,46,"babki
babkowate",rodzina ryb okoniokształtnych
128,1,哥,45,"wielki brat
starszy brat",
129,1,捏,45,"ugniatać
gnieść
wygniatać
miksować",
130,1,撞,45,"przebić
przekłuć
dziurawić
ukłuć
kłuć",
131,1,蕷,45,"ziemniak
kartofel",
132,1,蠣,45,ostryga,
133,1,麝,45,"piżmowce
piżmowcowate",monotypowa rodzina ssaków parzystokopytnych zaliczanych do przeżuwaczy
134,1,兇,44,"zdrożność
niegodziwy
zdrożny",
135,1,屎,44,"kał
gówno",
136,1,紗,44,"gaza
siatka
pajęczyna",rodzaj materiału
137,1,鰆,44,hiszpańska makrela,
138,1,穢,43,"brudny
nieczysty
nieprzyzwoity",
139,1,繞,43,"okrążać
otaczać
otaczać
powrót",
140,1,翡,43,zimorodek,
141,1,薑,43,imbir,
142,1,鍬,43,motyka,
143,1,鰒,43,"słuchotki (rodzina ślimaków morskich)
rozdymkowate
tetrodonowate
kolcobrzuchowate (rodzina ryb głównie morskich)",
144,1,剪,42,"ciąć
strzyc
kroić
obniżać
przycinać",
145,1,枡,42,pudełko miernicze,
146,1,梭,42,"prom
wahadłowiec
kursować",
147,1,棕,42,szorstkowiec,gatunek drzewa
148,1,緬,42,"Birma
cienka nić",
149,1,茱,42,"oliwnik
drzewo imbirowe",
150,1,萸,42,"oliwnik
drzewo imbirowe",
151,1,鯥,42,???,
152,1,截,41,"lufar
tasergal",
153,1,捌,41,"mieć wzięcie
cieszyć się pobytem
być rozsądny
być towarzyski
dotyczyć
pobyt na
dysponować
rozporządzać
osiem
sprzedaż",
154,1,涌,41,"gotować
wrzeć
kipieć",
155,1,癇,41,"zaciekły
porywczy
wybuchowy
drażliwy
gniewliwy
nerwowy",
156,1,誦,41,"pieśń
śpiew
śpiewanie
recytowanie",
157,1,鶯,41,słowik,
158,1,慾,40,"pożądanie
pragnienie
chciwość
zachłanność",
159,1,戎,40,"oręż
wojownik
wojak
żołnierz
barbarzyńca",
160,1,按,40,"rozważać
uwzględniać
badać
dociekać
rozpatrywać",
161,1,熨,40,"żelazko
wygładzać
rozprostować",
162,1,箆,40,łopatka,
163,1,簀,40,szorstka mata,
164,1,讚,40,"pochwała
chwała
tytuł obrazu",
165,1,賤,40,"gardzić
pogardzać
niższy społecznie
ubóstwo
bieda
nędza",
166,1,駕,40,"zaprzęgać zwierzęta
zaśmiecać
śmiecić
zanieczyszczać
palankin
pojazd",
167,1,鰈,40,flądrowate,rodzina ryb flądrokształtnych
168,1,鰺,40,"trachurus
ostrobok",rodzaj ryb okoniokształtnych z rodziny ostrobokowatych
169,1,鴫,40,bekas,rodzaj ptaka
170,1,喇,39,"paplać
trajkotać
gadać
klekotać",
171,1,柘,39,dzika morwa,
172,1,猥,39,"nieprzyzwoity
obsceniczny
sprośny
niecenzuralny",
173,1,躁,39,"hałas
krzyk
gwar",
174,1,懶,38,"być leniwy
być nieobowiązkowy
być opieszały
być niesumienny
ospały
powolny
ociężały",
175,1,昂,38,"rosnąć
wzrastać
wzbić się
podnosić",
176,1,栖,38,"pajęczyna
ul
gniazdo
kolonia",
177,,窩,38,,
178,,蕗,38,,
179,,鈎,38,,
180,,鯖,38,,
181,,鯰,38,,
182,,鼈,38,,
183,,佗,37,,
184,,悄,37,,
185,,枸,37,,
186,,躯,37,,
187,,鮒,37,,
188,,鰤,37,,
189,,鱝,37,,
190,,嬌,36,,
191,,胝,36,,
192,,艾,36,,
193,,蜆,36,,
194,,饅,36,,
195,,傭,35,,
196,,奸,35,,
197,,抉,35,,
198,,攣,35,,
199,,爛,35,,
200,,矮,35,,
201,,砒,35,,
202,,蟷,35,,
203,,魨,35,,
204,,鮐,35,,
205,,鯸,35,,
206,,鯺,35,,
207,,麩,35,,
208,,倩,34,,
209,,姥,34,,
210,,抓,34,,
211,,瀉,34,,
212,,裡,34,,
213,,鞴,34,,
214,,顰,34,,
215,,龜,34,,
216,,劃,33,,
217,,匣,33,,
218,,戛,33,,
219,,盪,33,,
220,,睛,33,,
221,,笊,33,,
222,,菖,33,,
223,,躅,33,,
224,,躑,33,,
225,,實,32,,
226,,搦,32,,
227,,桎,32,,
228,,楮,32,,
229,,濠,32,,
230,,爬,32,,
231,,膵,32,,
232,,蜓,32,,
233,,譫,32,,
234,,譬,32,,
235,,鎧,32,,
236,,鱮,32,,
237,,鱶,32,,
238,,鵙,32,,
239,,凰,31,,
240,,叭,31,,
241,,媚,31,,
242,,杪,31,,
243,,沫,31,,
244,,瓊,31,,
245,,藺,31,,
246,,鉋,31,,
247,,靄,31,,
248,,鵡,31,,
249,,鶲,31,,
250,,呱,30,,
251,,噯,30,,
252,,囈,30,,
253,,坏,30,,
254,,妾,30,,
255,,戞,30,,
256,,楚,30,,
257,,楤,30,,
258,,獏,30,,
259,,硅,30,,
260,,蒡,30,,
261,,蓑,30,,
262,,蕈,30,,
263,,袢,30,,
264,,貂,30,,
265,,貘,30,,
266,,辯,30,,
267,,鑽,30,,
268,,冪,29,,
269,,卮,29,,
270,,啼,29,,
271,,壜,29,,
272,,姐,29,,
273,,撓,29,,
274,,橅,29,,
275,,涸,29,,
276,,癪,29,,
277,,縷,29,,
278,,處,29,,
279,,觴,29,,
280,,趾,29,,
281,,轡,29,,
282,,鏝,29,,
283,,鳧,29,,
284,,捷,28,,
285,,朦,28,,
286,,朧,28,,
287,,枳,28,,
288,,樸,28,,
289,,汝,28,,
290,,溌,28,,
291,,癭,28,,
292,,盞,28,,
293,,竺,28,,
294,,篩,28,,
295,,菫,28,,
296,,蔽,28,,
297,,蝲,28,,
298,,螳,28,,
299,,迂,28,,
300,,釉,28,,
301,,韭,28,,
302,,髷,28,,
303,,鱚,28,,
304,,鵟,28,,
305,,佞,27,,
306,,凪,27,,
307,,廓,27,,
308,,戟,27,,
309,,曠,27,,
310,,杮,27,,
311,,枇,27,,
312,,樅,27,,
313,,毘,27,,
314,,秧,27,,
315,,筥,27,,
316,,篦,27,,
317,,臘,27,,
318,,芬,27,,
319,,苞,27,,
320,,蚣,27,,
321,,蜈,27,,
322,,螟,27,,
323,,觚,27,,
324,,諤,27,,
325,,鷂,27,,
326,,鹹,27,,
327,,刹,26,,
328,,卜,26,,
329,,吝,26,,
330,,惘,26,,
331,,拱,26,,
332,,搔,26,,
333,,擲,26,,
334,,旱,26,,
335,,楔,26,,
336,,氈,26,,
337,,潅,26,,
338,,灼,26,,
339,,煤,26,,
340,,皎,26,,
341,,脣,26,,
342,,菁,26,,
343,,薹,26,,
344,,蜿,26,,
345,,蝸,26,,
346,,鰓,26,,
347,,來,25,,
348,,嚔,25,,
349,,娩,25,,
350,,廿,25,,
351,,梧,25,,
352,,梳,25,,
353,,欅,25,,
354,,洵,25,,
355,,焙,25,,
356,,痔,25,,
357,,硼,25,,
358,,胼,25,,
359,,莎,25,,
360,,蕊,25,,
361,,蘊,25,,
362,,褥,25,,
363,,釦,25,,
364,,鍍,25,,
365,,鎔,25,,
366,,靱,25,,
367,,鞅,25,,
368,,韲,25,,
369,,鮟,25,,
370,,鮴,25,,
371,,鯔,25,,
372,,黥,25,,
373,,剳,24,,
374,,寇,24,,
375,,寔,24,,
376,,憫,24,,
377,,抛,24,,
378,,杷,24,,
379,,棠,24,,
380,,樵,24,,
381,,濛,24,,
382,,灸,24,,
383,,焔,24,,
384,,癬,24,,
385,,竃,24,,
386,,笋,24,,
387,,筵,24,,
388,,絃,24,,
389,,蜩,24,,
390,,賽,24,,
391,,辨,24,,
392,,遁,24,,
393,,遑,24,,
394,,鑞,24,,
395,,頌,24,,
396,,鰱,24,,
397,,鴒,24,,
398,,鵯,24,,
399,,鶺,24,,
400,,亥,23,,
401,,嗄,23,,
402,,址,23,,
403,,戈,23,,
404,,杼,23,,
405,,欒,23,,
406,,滾,23,,
407,,牽,23,,
408,,犢,23,,
409,,磊,23,,
410,,礙,23,,
411,,礬,23,,
412,,穎,23,,
413,,羆,23,,
414,,肱,23,,
415,,臈,23,,
416,,蒻,23,,
417,,藹,23,,
418,,衿,23,,
419,,鉈,23,,
420,,鞣,23,,
421,,馭,23,,
422,,鱇,23,,
423,,鱓,23,,
424,,鴇,23,,
425,,悶,22,,
426,,惹,22,,
427,,慊,22,,
428,,憐,22,,
429,,挵,22,,
430,,梗,22,,
431,,榕,22,,
432,,渠,22,,
433,,濶,22,,
434,,砥,22,,
435,,禽,22,,
436,,竦,22,,
437,,籾,22,,
438,,纒,22,,
439,,蕋,22,,
440,,蘂,22,,
441,,蘗,22,,
442,,蜉,22,,
443,,蝣,22,,
444,,蝮,22,,
445,,赭,22,,
446,,靫,22,,
447,,頰,22,,
448,,鮃,22,,
449,,黽,22,,
450,,乄,21,,
451,,唖,21,,
452,,婢,21,,
453,,慙,21,,
454,,攀,21,,
455,,斧,21,,
456,,框,21,,
457,,椈,21,,
458,,櫟,21,,
459,,游,21,,
460,,炯,21,,
461,,疽,21,,
462,,痙,21,,
463,,糶,21,,
464,,綬,21,,
465,,肴,21,,
466,,莢,21,,
467,,蒟,21,,
468,,蛻,21,,
469,,謬,21,,
470,,蹊,21,,
471,,霰,21,,
472,,餐,21,,
473,,駱,21,,
474,,鷦,21,,
475,,鷯,21,,
476,,龕,21,,
477,,做,20,,
478,,凜,20,,
479,,啜,20,,
480,,娃,20,,
481,,掩,20,,
482,,楫,20,,
483,,槇,20,,
484,,槿,20,,
485,,腑,20,,
486,,芒,20,,
487,,苜,20,,
488,,莨,20,,
489,,葎,20,,
490,,蓿,20,,
491,,蕁,20,,
492,,蜒,20,,
493,,袱,20,,
494,,襦,20,,
495,,襷,20,,
496,,跛,20,,
497,,迹,20,,
498,,醬,20,,
499,,闕,20,,
500,,魣,20,,
501,,魳,20,,
502,,鰧,20,,
503,,鱏,20,,
504,,鱟,20,,
505,,齲,20,,
506,,冱,19,,
507,,娑,19,,
508,,庚,19,,
509,,愍,19,,
510,,懼,19,,
511,,戊,19,,
512,,戍,19,,
513,,櫃,19,,
514,,溯,19,,
515,,燦,19,,
516,,瞋,19,,
517,,笞,19,,
518,,箔,19,,
519,,膾,19,,
520,,荊,19,,
521,,葫,19,,
522,,蒜,19,,
523,,蟀,19,,
524,,詮,19,,
525,,谿,19,,
526,,醋,19,,
527,,鮓,19,,
528,,倖,18,,
529,,勃,18,,
530,,匆,18,,
531,,匜,18,,
532,,卦,18,,
533,,喙,18,,
534,,奕,18,,
535,,媽,18,,
536,,惡,18,,
537,,攪,18,,
538,,斃,18,,
539,,梠,18,,
540,,泛,18,,
541,,牾,18,,
542,,疳,18,,
543,,癡,18,,
544,,皴,18,,
545,,禱,18,,
546,,筏,18,,
547,,粲,18,,
548,,罫,18,,
549,,臑,18,,
550,,莱,18,,
551,,蘚,18,,
552,,虔,18,,
553,,蠑,18,,
554,,蠟,18,,
555,,詛,18,,
556,,誹,18,,
557,,賎,18,,
558,,輯,18,,
559,,鑚,18,,
560,,鑿,18,,
561,,駮,18,,
562,,髯,18,,
563,,魑,18,,
564,,鯒,18,,
565,,鶇,18,,
566,,冑,17,,
567,,匏,17,,
568,,吭,17,,
569,,咥,17,,
570,,咫,17,,
571,,嶮,17,,
572,,恚,17,,
573,,愧,17,,
574,,撹,17,,
575,,攘,17,,
576,,檗,17,,
577,,瀝,17,,
578,,炙,17,,
579,,狆,17,,
580,,狢,17,,
581,,瓠,17,,
582,,癲,17,,
583,,稟,17,,
584,,筝,17,,
585,,翹,17,,
586,,舷,17,,
587,,荳,17,,
588,,諷,17,,
589,,軋,17,,
590,,闌,17,,
591,,靠,17,,
592,,呶,16,,
593,,圃,16,,
594,,埒,16,,
595,,套,16,,
596,,尸,16,,
597,,廬,16,,
598,,恍,16,,
599,,慚,16,,
600,,戌,16,,
601,,捺,16,,
602,,摑,16,,
603,,楡,16,,
604,,榔,16,,
605,,檳,16,,
606,,櫞,16,,
607,,泄,16,,
608,,畸,16,,
609,,疱,16,,
610,,皹,16,,
611,,禀,16,,
612,,禊,16,,
613,,粱,16,,
614,,縹,16,,
615,,羈,16,,
616,,莓,16,,
617,,蒄,16,,
618,,蓆,16,,
619,,蔔,16,,
620,,薤,16,,
621,,藉,16,,
622,,蘖,16,,
623,,蚋,16,,
624,,蛺,16,,
625,,蠧,16,,
626,,褻,16,,
627,,誡,16,,
628,,貽,16,,
629,,閨,16,,
630,,鞠,16,,
631,,韃,16,,
632,,鰉,16,,
633,,鱛,16,,
634,,鱠,16,,
635,,鴬,16,,
636,,鵄,16,,
637,,麁,16,,
638,,云,15,,
639,,佚,15,,
640,,吼,15,,
641,,嘔,15,,
642,,囓,15,,
643,,媾,15,,
644,,帷,15,,
645,,怙,15,,
646,,怱,15,,
647,,托,15,,
648,,扛,15,,
649,,朶,15,,
650,,杙,15,,
651,,杠,15,,
652,,柊,15,,
653,,栂,15,,
654,,棗,15,,
655,,棹,15,,
656,,椚,15,,
657,,橈,15,,
658,,檍,15,,
659,,櫧,15,,
660,,櫪,15,,
661,,歿,15,,
662,,淆,15,,
663,,瘠,15,,
664,,癩,15,,
665,,祠,15,,
666,,稗,15,,
667,,箍,15,,
668,,籐,15,,
669,,籬,15,,
670,,苳,15,,
671,,蟋,15,,
672,,蠏,15,,
673,,衾,15,,
674,,詭,15,,
675,,蹠,15,,
676,,鐙,15,,
677,,鑵,15,,
678,,靭,15,,
679,,顫,15,,
680,,鯡,15,,
681,,鰊,15,,
682,,鸛,15,,
683,,鼎,15,,
684,,鼕,15,,
685,,估,14,,
686,,俠,14,,
687,,凾,14,,
688,,刎,14,,
689,,厩,14,,
690,,叡,14,,
691,,唎,14,,
692,,嘖,14,,
693,,噸,14,,
694,,塡,14,,
695,,孵,14,,
696,,帛,14,,
697,,幢,14,,
698,,彎,14,,
699,,悒,14,,
700,,慄,14,,
701,,拌,14,,
702,,桙,14,,
703,,梵,14,,
704,,濤,14,,
705,,烱,14,,
706,,獨,14,,
707,,璫,14,,
708,,瓣,14,,
709,,畢,14,,
710,,疼,14,,
711,,痰,14,,
712,,癸,14,,
713,,皸,14,,
714,,磚,14,,
715,,籃,14,,
716,,纓,14,,
717,,莧,14,,
718,,菰,14,,
719,,萠,14,,
720,,蓐,14,,
721,,蕭,14,,
722,,蚜,14,,
723,,蛑,14,,
724,,蜊,14,,
725,,蝤,14,,
726,,袈,14,,
727,,裟,14,,
728,,諫,14,,
729,,豕,14,,
730,,踞,14,,
731,,錺,14,,
732,,鎚,14,,
733,,飮,14,,
734,,驀,14,,
735,,體,14,,
736,,鮑,14,,
737,,鮠,14,,
738,,鶫,14,,
739,,仆,13,,
740,,冀,13,,
741,,咒,13,,
742,,娜,13,,
743,,恟,13,,
744,,梛,13,,
745,,樒,13,,
746,,毳,13,,
747,,烽,13,,
748,,熬,13,,
749,,牴,13,,
750,,痞,13,,
751,,眇,13,,
752,,矧,13,,
753,,碇,13,,
754,,磔,13,,
755,,竣,13,,
756,,緘,13,,
757,,羹,13,,
758,,耄,13,,
759,,耻,13,,
760,,肭,13,,
761,,膃,13,,
762,,菴,13,,
763,,蟠,13,,
764,,訥,13,,
765,,誑,13,,
766,,諳,13,,
767,,躙,13,,
768,,逕,13,,
769,,鋪,13,,
770,,霄,13,,
771,,馗,13,,
772,,鰍,13,,
773,,鴛,13,,
774,,鴦,13,,
775,,麸,13,,
776,,亢,12,,
777,,佛,12,,
778,,佩,12,,
779,,侃,12,,
780,,僭,12,,
781,,兔,12,,
782,,兢,12,,
783,,夙,12,,
784,,夾,12,,
785,,寨,12,,
786,,怏,12,,
787,,悴,12,,
788,,拇,12,,
789,,杆,12,,
790,,桿,12,,
791,,梻,12,,
792,,棉,12,,
793,,椨,12,,
794,,椴,12,,
795,,椶,12,,
796,,椽,12,,
797,,楾,12,,
798,,榮,12,,
799,,欏,12,,
800,,殪,12,,
801,,殷,12,,
802,,渺,12,,
803,,溂,12,,
804,,潑,12,,
805,,烹,12,,
806,,熏,12,,
807,,燧,12,,
808,,牆,12,,
809,,甸,12,,
810,,畦,12,,
811,,眈,12,,
812,,磤,12,,
813,,稈,12,,
814,,稠,12,,
815,,箝,12,,
816,,箭,12,,
817,,簔,12,,
818,,籙,12,,
819,,粃,12,,
820,,糀,12,,
821,,綯,12,,
822,,綰,12,,
823,,缺,12,,
824,,羃,12,,
825,,聚,12,,
826,,臂,12,,
827,,臾,12,,
828,,舂,12,,
829,,與,12,,
830,,舫,12,,
831,,菲,12,,
832,,蒴,12,,
833,,蓴,12,,
834,,蕓,12,,
835,,蕺,12,,
836,,薺,12,,
837,,藜,12,,
838,,藦,12,,
839,,蛆,12,,
840,,蛞,12,,
841,,蝓,12,,
842,,蠆,12,,
843,,諛,12,,
844,,譏,12,,
845,,譚,12,,
846,,豁,12,,
847,,賣,12,,
848,,蹇,12,,
849,,辷,12,,
850,,醂,12,,
851,,醇,12,,
852,,鑢,12,,
853,,閻,12,,
854,,鞋,12,,
855,,韋,12,,
856,,頤,12,,
857,,顆,12,,
858,,饌,12,,
859,,鬨,12,,
860,,鬮,12,,
861,,鰰,12,,
862,,鱪,12,,
863,,鱰,12,,
864,,鱵,12,,
865,,鴿,12,,
866,,鵤,12,,
867,,亙,11,,
868,,什,11,,
869,,仞,11,,
870,,倚,11,,
871,,倡,11,,
872,,剽,11,,
873,,匕,11,,
874,,叺,11,,
875,,吽,11,,
876,,哭,11,,
877,,嗇,11,,
878,,嚼,11,,
879,,塒,11,,
880,,寥,11,,
881,,庖,11,,
882,,廏,11,,
883,,廐,11,,
884,,恢,11,,
885,,擒,11,,
886,,梢,11,,
887,,梱,11,,
888,,橇,11,,
889,,毫,11,,
890,,浣,11,,
891,,炸,11,,
892,,甜,11,,
893,,疏,11,,
894,,盂,11,,
895,,禦,11,,
896,,稷,11,,
897,,竄,11,,
898,,筬,11,,
899,,糯,11,,
900,,紊,11,,
901,,紬,11,,
902,,耆,11,,
903,,胤,11,,
904,,腓,11,,
905,,艮,11,,
906,,茘,11,,
907,,荼,11,,
908,,蔕,11,,
909,,藕,11,,
910,,衒,11,,
911,,袍,11,,
912,,襞,11,,
913,,襴,11,,
914,,觜,11,,
915,,諱,11,,
916,,謗,11,,
917,,讀,11,,
918,,輾,11,,
919,,迸,11,,
920,,醪,11,,
921,,鈷,11,,
922,,鍔,11,,
923,,霽,11,,
924,,鮱,11,,
925,,鰡,11,,
926,,麪,11,,
927,,俟,10,,
928,,偸,10,,
929,,冦,10,,
930,,剔,10,,
931,,匍,10,,
932,,卍,10,,
933,,咀,10,,
934,,嗚,10,,
935,,嗾,10,,
936,,噎,10,,
937,,嚥,10,,
938,,坡,10,,
939,,墻,10,,
940,,嬰,10,,
941,,幇,10,,
942,,弉,10,,
943,,徊,10,,
944,,恃,10,,
945,,憬,10,,
946,,挌,10,,
947,,捥,10,,
948,,揆,10,,
949,,柾,10,,
950,,桛,10,,
951,,棊,10,,
952,,椣,10,,
953,,榀,10,,
954,,榠,10,,
955,,榱,10,,
956,,槃,10,,
957,,樝,10,,
958,,橄,10,,
959,,欖,10,,
960,,歇,10,,
961,,毟,10,,
962,,汀,10,,
963,,沽,10,,
964,,涅,10,,
965,,涕,10,,
966,,滸,10,,
967,,熾,10,,
968,,牀,10,,
969,,犂,10,,
970,,猨,10,,
971,,珥,10,,
972,,當,10,,
973,,硨,10,,
974,,磲,10,,
975,,祟,10,,
976,,禾,10,,
977,,簪,10,,
978,,糒,10,,
979,,糵,10,,
980,,繻,10,,
981,,羮,10,,
982,,肆,10,,
983,,胱,10,,
984,,膀,10,,
985,,臙,10,,
986,,臺,10,,
987,,舍,10,,
988,,芻,10,,
989,,苓,10,,
990,,苟,10,,
991,,苴,10,,
992,,萍,10,,
993,,蓍,10,,
994,,蛯,10,,
995,,衍,10,,
996,,裙,10,,
997,,諢,10,,
998,,譎,10,,
999,,贖,10,,
1000,,蹂,10,,
1001,,鉦,10,,
1002,,陋,10,,
1003,,霖,10,,
1004,,鞳,10,,
1005,,韛,10,,
1006,,飜,10,,
1007,,鬩,10,,
1008,,魴,10,,
1009,,鮄,10,,
1010,,鳰,10,,
1011,,鵲,10,,
1012,,亦,9,,
1013,,仍,9,,
1014,,冽,9,,
1015,,吶,9,,
1016,,喃,9,,
1017,,嘯,9,,
1018,,嚮,9,,
1019,,堡,9,,
1020,,壼,9,,
1021,,寐,9,,
1022,,寶,9,,
1023,,幄,9,,
1024,,弯,9,,
1025,,悍,9,,
1026,,悸,9,,
1027,,憚,9,,
1028,,懈,9,,
1029,,柵,9,,
1030,,桴,9,,
1031,,楪,9,,
1032,,楳,9,,
1033,,槐,9,,
1034,,槭,9,,
1035,,櫂,9,,
1036,,泪,9,,
1037,,涔,9,,
1038,,湃,9,,
1039,,玻,9,,
1040,,痼,9,,
1041,,眷,9,,
1042,,眸,9,,
1043,,筺,9,,
1044,,籟,9,,
1045,,繩,9,,
1046,,聟,9,,
1047,,腮,9,,
1048,,膕,9,,
1049,,茉,9,,
1050,,茴,9,,
1051,,荵,9,,
1052,,莉,9,,
1053,,莚,9,,
1054,,莞,9,,
1055,,莪,9,,
1056,,董,9,,
1057,,蒐,9,,
1058,,蓉,9,,
1059,,蓚,9,,
1060,,蚌,9,,
1061,,蚰,9,,
1062,,蛩,9,,
1063,,蜑,9,,
1064,,蝟,9,,
1065,,蝱,9,,
1066,,蟬,9,,
1067,,裔,9,,
1068,,褶,9,,
1069,,貉,9,,
1070,,貛,9,,
1071,,贏,9,,
1072,,蹈,9,,
1073,,輳,9,,
1074,,邁,9,,
1075,,銷,9,,
1076,,錚,9,,
1077,,鐸,9,,
1078,,鑒,9,,
1079,,鑼,9,,
1080,,雎,9,,
1081,,霹,9,,
1082,,靂,9,,
1083,,韜,9,,
1084,,飄,9,,
1085,,骰,9,,
1086,,髏,9,,
1087,,髑,9,,
1088,,鵺,9,,
1089,,鶚,9,,
1090,,鷽,9,,
1091,,鼺,9,,
1092,,个,8,,
1093,,倆,8,,
1094,,僂,8,,
1095,,價,8,,
1096,,儁,8,,
1097,,儕,8,,
1098,,兀,8,,
1099,,刮,8,,
1100,,剋,8,,
1101,,匈,8,,
1102,,呍,8,,
1103,,呻,8,,
1104,,喨,8,,
1105,,嗔,8,,
1106,,嘛,8,,
1107,,囮,8,,
1108,,埓,8,,
1109,,奠,8,,
1110,,婁,8,,
1111,,嬲,8,,
1112,,學,8,,
1113,,屬,8,,
1114,,忿,8,,
1115,,怡,8,,
1116,,惶,8,,
1117,,惻,8,,
1118,,拮,8,,
1119,,摧,8,,
1120,,擅,8,,
1121,,數,8,,
1122,,斂,8,,
1123,,柃,8,,
1124,,桷,8,,
1125,,椪,8,,
1126,,椹,8,,
1127,,楸,8,,
1128,,榾,8,,
1129,,樣,8,,
1130,,檬,8,,
1131,,檸,8,,
1132,,殃,8,,
1133,,浬,8,,
1134,,涛,8,,
1135,,渟,8,,
1136,,滄,8,,
1137,,澳,8,,
1138,,瀾,8,,
1139,,煖,8,,
1140,,燗,8,,
1141,,獱,8,,
1142,,珈,8,,
1143,,琲,8,,
1144,,疇,8,,
1145,,癢,8,,
1146,,眴,8,,
1147,,睾,8,,
1148,,矜,8,,
1149,,碰,8,,
1150,,祀,8,,
1151,,竭,8,,
1152,,筅,8,,
1153,,篶,8,,
1154,,籌,8,,
1155,,粮,8,,
1156,,紕,8,,
1157,,絣,8,,
1158,,絲,8,,
1159,,縢,8,,
1160,,繝,8,,
1161,,纂,8,,
1162,,艪,8,,
1163,,苣,8,,
1164,,苾,8,,
1165,,萵,8,,
1166,,葈,8,,
1167,,葹,8,,
1168,,蒿,8,,
1169,,蓖,8,,
1170,,蔟,8,,
1171,,蛟,8,,
1172,,蛬,8,,
1173,,蜾,8,,
1174,,蟎,8,,
1175,,蟶,8,,
1176,,蠃,8,,
1177,,袂,8,,
1178,,裘,8,,
1179,,覺,8,,
1180,,讒,8,,
1181,,豇,8,,
1182,,跋,8,,
1183,,躄,8,,
1184,,躬,8,,
1185,,辭,8,,
1186,,辵,8,,
1187,,辶,8,,
1188,,鈑,8,,
1189,,鋲,8,,
1190,,錻,8,,
1191,,鏗,8,,
1192,,鏤,8,,
1193,,鑷,8,,
1194,,顳,8,,
1195,,颪,8,,
1196,,餘,8,,
1197,,魹,8,,
1198,,鮹,8,,
1199,,鯏,8,,
1200,,鯣,8,,
1201,,鰙,8,,
1202,,鰣,8,,
1203,,鰩,8,,
1204,,鱸,8,,
1205,,鶍,8,,
1206,,麇,8,,
1207,,麕,8,,
1208,,麞,8,,
1209,,鼡,8,,
1210,,于,7,,
1211,,佯,7,,
1212,,傅,7,,
1213,,劈,7,,
1214,,勁,7,,
1215,,匪,7,,
1216,,啖,7,,
1217,,嗤,7,,
1218,,坎,7,,
1219,,壅,7,,
1220,,壟,7,,
1221,,壻,7,,
1222,,奚,7,,
1223,,姙,7,,
1224,,娵,7,,
1225,,婀,7,,
1226,,嫩,7,,
1227,,寞,7,,
1228,,尨,7,,
1229,,從,7,,
1230,,恬,7,,
1231,,慥,7,,
1232,,慳,7,,
1233,,擢,7,,
1234,,斷,7,,
1235,,昴,7,,
1236,,枘,7,,
1237,,枹,7,,
1238,,梲,7,,
1239,,楝,7,,
1240,,榧,7,,
1241,,榻,7,,
1242,,槓,7,,
1243,,沮,7,,
1244,,滷,7,,
1245,,瀆,7,,
1246,,瑣,7,,
1247,,痲,7,,
1248,,盥,7,,
1249,,瞿,7,,
1250,,砧,7,,
1251,,穆,7,,
1252,,笙,7,,
1253,,筌,7,,
1254,,筮,7,,
1255,,簓,7,,
1256,,紮,7,,
1257,,絮,7,,
1258,,絽,7,,
1259,,綸,7,,
1260,,縲,7,,
1261,,繹,7,,
1262,,翩,7,,
1263,,腥,7,,
1264,,艱,7,,
1265,,艸,7,,
1266,,萃,7,,
1267,,蛹,7,,
1268,,蠕,7,,
1269,,蠱,7,,
1270,,裹,7,,
1271,,覡,7,,
1272,,觀,7,,
1273,,誅,7,,
1274,,諂,7,,
1275,,跏,7,,
1276,,踠,7,,
1277,,躱,7,,
1278,,軛,7,,
1279,,軻,7,,
1280,,輛,7,,
1281,,逼,7,,
1282,,醢,7,,
1283,,釐,7,,
1284,,銹,7,,
1285,,鏑,7,,
1286,,閂,7,,
1287,,陞,7,,
1288,,雖,7,,
1289,,顋,7,,
1290,,饒,7,,
1291,,騏,7,,
1292,,鵐,7,,
1293,,麭,7,,
1294,,伶,6,,
1295,,俘,6,,
1296,,俚,6,,
1297,,偃,6,,
1298,,傀,6,,
1299,,儡,6,,
1300,,剿,6,,
1301,,劍,6,,
1302,,劒,6,,
1303,,勒,6,,
1304,,匐,6,,
1305,,哈,6,,
1306,,哮,6,,
1307,,啾,6,,
1308,,囊,6,,
1309,,坤,6,,
1310,,垤,6,,
1311,,埆,6,,
1312,,埜,6,,
1313,,堙,6,,
1314,,墝,6,,
1315,,壽,6,,
1316,,夭,6,,
1317,,婬,6,,
1318,,媼,6,,
1319,,嬬,6,,
1320,,孀,6,,
1321,,宸,6,,
1322,,屆,6,,
1323,,岌,6,,
1324,,巖,6,,
1325,,廚,6,,
1326,,弩,6,,
1327,,彌,6,,
1328,,忝,6,,
1329,,恤,6,,
1330,,悋,6,,
1331,,悖,6,,
1332,,慇,6,,
1333,,憖,6,,
1334,,懃,6,,
1335,,扈,6,,
1336,,扣,6,,
1337,,捐,6,,
1338,,无,6,,
1339,,暝,6,,
1340,,柬,6,,
1341,,栲,6,,
1342,,桔,6,,
1343,,桫,6,,
1344,,梂,6,,
1345,,楂,6,,
1346,,榨,6,,
1347,,槵,6,,
1348,,樗,6,,
1349,,橉,6,,
1350,,檮,6,,
1351,,櫻,6,,
1352,,沐,6,,
1353,,渫,6,,
1354,,湮,6,,
1355,,滔,6,,
1356,,漓,6,,
1357,,漣,6,,
1358,,潭,6,,
1359,,潺,6,,
1360,,炮,6,,
1361,,烙,6,,
1362,,爲,6,,
1363,,獦,6,,
1364,,琺,6,,
1365,,瑯,6,,
1366,,瓮,6,,
1367,,疋,6,,
1368,,瘦,6,,
1369,,瘻,6,,
1370,,盈,6,,
1371,,瞽,6,,
1372,,砑,6,,
1373,,确,6,,
1374,,碼,6,,
1375,,磽,6,,
1376,,礦,6,,
1377,,祗,6,,
1378,,祚,6,,
1379,,秕,6,,
1380,,稃,6,,
1381,,穗,6,,
1382,,站,6,,
1383,,箶,6,,
1384,,簶,6,,
1385,,籹,6,,
1386,,粍,6,,
1387,,粔,6,,
1388,,粳,6,,
1389,,糗,6,,
1390,,糲,6,,
1391,,紲,6,,
1392,,綛,6,,
1393,,總,6,,
1394,,繦,6,,
1395,,纛,6,,
1396,,聘,6,,
1397,,聿,6,,
1398,,胄,6,,
1399,,胯,6,,
1400,,腅,6,,
1401,,膺,6,,
1402,,舸,6,,
1403,,艫,6,,
1404,,艷,6,,
1405,,芷,6,,
1406,,茲,6,,
1407,,茵,6,,
1408,,莖,6,,
1409,,菎,6,,
1410,,菘,6,,
1411,,菝,6,,
1412,,葜,6,,
1413,,薀,6,,
1414,,藿,6,,
1415,,蛁,6,,
1416,,蝥,6,,
1417,,螈,6,,
1418,,螠,6,,
1419,,螽,6,,
1420,,蟒,6,,
1421,,蟟,6,,
1422,,蠢,6,,
1423,,蠶,6,,
1424,,衙,6,,
1425,,誨,6,,
1426,,諍,6,,
1427,,諡,6,,
1428,,證,6,,
1429,,讎,6,,
1430,,豉,6,,
1431,,貍,6,,
1432,,跆,6,,
1433,,辦,6,,
1434,,辮,6,,
1435,,邇,6,,
1436,,釿,6,,
1437,,鈔,6,,
1438,,鈕,6,,
1439,,鉉,6,,
1440,,鉗,6,,
1441,,鐫,6,,
1442,,鑛,6,,
1443,,閤,6,,
1444,,閦,6,,
1445,,闋,6,,
1446,,雍,6,,
1447,,雕,6,,
1448,,雙,6,,
1449,,霏,6,,
1450,,鞏,6,,
1451,,顏,6,,
1452,,餝,6,,
1453,,餤,6,,
1454,,馘,6,,
1455,,駸,6,,
1456,,驎,6,,
1457,,骶,6,,
1458,,髻,6,,
1459,,鬣,6,,
1460,,鬻,6,,
1461,,魃,6,,
1462,,魛,6,,
1463,,鯎,6,,
1464,,鯝,6,,
1465,,鯧,6,,
1466,,鯯,6,,
1467,,鰞,6,,
1468,,鰷,6,,
1469,,鱘,6,,
1470,,鱧,6,,
1471,,鱨,6,,
1472,,鴕,6,,
1473,,鵆,6,,
1474,,麋,6,,
1475,,麨,6,,
1476,,倅,5,,
1477,,儼,5,,
1478,,凉,5,,
1479,,剄,5,,
1480,,咆,5,,
1481,,啻,5,,
1482,,噤,5,,
1483,,噪,5,,
1484,,噬,5,,
1485,,奎,5,,
1486,,嬶,5,,
1487,,寃,5,,
1488,,寳,5,,
1489,,廠,5,,
1490,,廢,5,,
1491,,弽,5,,
1492,,彳,5,,
1493,,恕,5,,
1494,,悛,5,,
1495,,悽,5,,
1496,,愴,5,,
1497,,憊,5,,
1498,,撻,5,,
1499,,擡,5,,
1500,,攴,5,,
1501,,會,5,,
1502,,枉,5,,
1503,,柝,5,,
1504,,栩,5,,
1505,,栴,5,,
1506,,梘,5,,
1507,,棧,5,,
1508,,椏,5,,
1509,,檣,5,,
1510,,汞,5,,
1511,,淦,5,,
1512,,滂,5,,
1513,,澗,5,,
1514,,澪,5,,
1515,,濺,5,,
1516,,瀘,5,,
1517,,炷,5,,
1518,,燎,5,,
1519,,燬,5,,
1520,,燿,5,,
1521,,爰,5,,
1522,,爼,5,,
1523,,犒,5,,
1524,,狽,5,,
1525,,獰,5,,
1526,,玖,5,,
1527,,璞,5,,
1528,,痍,5,,
1529,,瘧,5,,
1530,,癈,5,,
1531,,瞠,5,,
1532,,祿,5,,
1533,,秣,5,,
1534,,簷,5,,
1535,,糝,5,,
1536,,綢,5,,
1537,,縅,5,,
1538,,罔,5,,
1539,,膂,5,,
1540,,膩,5,,
1541,,臀,5,,
1542,,莟,5,,
1543,,蔗,5,,
1544,,藥,5,,
1545,,蝎,5,,
1546,,蟄,5,,
1547,,蟲,5,,
1548,,衢,5,,
1549,,袗,5,,
1550,,襠,5,,
1551,,覯,5,,
1552,,觝,5,,
1553,,譟,5,,
1554,,趺,5,,
1555,,蹙,5,,
1556,,躪,5,,
1557,,軫,5,,
1558,,輌,5,,
1559,,輒,5,,
1560,,邀,5,,
1561,,酛,5,,
1562,,錮,5,,
1563,,鎹,5,,
1564,,鏃,5,,
1565,,鏘,5,,
1566,,閘,5,,
1567,,阮,5,,
1568,,隱,5,,
1569,,鞺,5,,
1570,,韘,5,,
1571,,頗,5,,
1572,,騨,5,,
1573,,鬆,5,,
1574,,魘,5,,
1575,,鰾,5,,
1576,,鸞,5,,
1577,,黠,5,,
1578,,齦,5,,
1579,,齶,5,,
1580,,丐,4,,
1581,,仗,4,,
1582,,佝,4,,
1583,,佰,4,,
1584,,倪,4,,
1585,,假,4,,
1586,,偈,4,,
1587,,傚,4,,
1588,,傴,4,,
1589,,儻,4,,
1590,,兌,4,,
1591,,冉,4,,
1592,,况,4,,
1593,,卅,4,,
1594,,卆,4,,
1595,,吋,4,,
1596,,咖,4,,
1597,,哩,4,,
1598,,啀,4,,
1599,,啣,4,,
1600,,喀,4,,
1601,,單,4,,
1602,,嗹,4,,
1603,,噁,4,,
1604,,嚊,4,,
1605,,嚙,4,,
1606,,囉,4,,
1607,,團,4,,
1608,,墟,4,,
1609,,墺,4,,
1610,,壑,4,,
1611,,夔,4,,
1612,,姧,4,,
1613,,婪,4,,
1614,,媳,4,,
1615,,嬾,4,,
1616,,孁,4,,
1617,,巛,4,,
1618,,帶,4,,
1619,,幀,4,,
1620,,庠,4,,
1621,,彿,4,,
1622,,徽,4,,
1623,,惸,4,,
1624,,憺,4,,
1625,,懣,4,,
1626,,懦,4,,
1627,,扼,4,,
1628,,拆,4,,
1629,,揣,4,,
1630,,撩,4,,
1631,,擱,4,,
1632,,擾,4,,
1633,,攬,4,,
1634,,攲,4,,
1635,,攵,4,,
1636,,旌,4,,
1637,,暹,4,,
1638,,曉,4,,
1639,,杢,4,,
1640,,枋,4,,
1641,,柞,4,,
1642,,柮,4,,
1643,,條,4,,
1644,,檉,4,,
1645,,檐,4,,
1646,,檝,4,,
1647,,檫,4,,
1648,,欷,4,,
1649,,欹,4,,
1650,,歔,4,,
1651,,毋,4,,
1652,,沌,4,,
1653,,泝,4,,
1654,,渊,4,,
1655,,溲,4,,
1656,,滌,4,,
1657,,濳,4,,
1658,,瀑,4,,
1659,,瀟,4,,
1660,,煢,4,,
1661,,爨,4,,
1662,,爻,4,,
1663,,狷,4,,
1664,,玳,4,,
1665,,瑁,4,,
1666,,瑟,4,,
1667,,瑶,4,,
1668,,瓩,4,,
1669,,瓲,4,,
1670,,甃,4,,
1671,,甌,4,,
1672,,甞,4,,
1673,,畚,4,,
1674,,疆,4,,
1675,,痂,4,,
1676,,瘋,4,,
1677,,瘢,4,,
1678,,癰,4,,
1679,,皀,4,,
1680,,盒,4,,
1681,,眦,4,,
1682,,睿,4,,
1683,,砌,4,,
1684,,碕,4,,
1685,,礑,4,,
1686,,禪,4,,
1687,,禰,4,,
1688,,窖,4,,
1689,,窠,4,,
1690,,笆,4,,
1691,,笈,4,,
1692,,筯,4,,
1693,,篁,4,,
1694,,簫,4,,
1695,,簳,4,,
1696,,粁,4,,
1697,,糜,4,,
1698,,紆,4,,
1699,,絎,4,,
1700,,絛,4,,
1701,,綟,4,,
1702,,綵,4,,
1703,,縡,4,,
1704,,縣,4,,
1705,,繖,4,,
1706,,繚,4,,
1707,,繧,4,,
1708,,纈,4,,
1709,,纜,4,,
1710,,罩,4,,
1711,,羂,4,,
1712,,羔,4,,
1713,,羗,4,,
1714,,羯,4,,
1715,,聲,4,,
1716,,肓,4,,
1717,,脉,4,,
1718,,芍,4,,
1719,,蒭,4,,
1720,,蓊,4,,
1721,,藋,4,,
1722,,蘞,4,,
1723,,蚩,4,,
1724,,衫,4,,
1725,,袞,4,,
1726,,袷,4,,
1727,,裃,4,,
1728,,裲,4,,
1729,,覿,4,,
1730,,訶,4,,
1731,,誣,4,,
1732,,謫,4,,
1733,,變,4,,
1734,,讌,4,,
1735,,豎,4,,
1736,,赧,4,,
1737,,跑,4,,
1738,,迯,4,,
1739,,逡,4,,
1740,,遖,4,,
1741,,遯,4,,
1742,,遲,4,,
1743,,邊,4,,
1744,,邏,4,,
1745,,邯,4,,
1746,,鄲,4,,
1747,,酖,4,,
1748,,醶,4,,
1749,,釁,4,,
1750,,釆,4,,
1751,,鋺,4,,
1752,,鎬,4,,
1753,,鏨,4,,
1754,,鐶,4,,
1755,,鐺,4,,
1756,,鑰,4,,
1757,,閹,4,,
1758,,闃,4,,
1759,,闢,4,,
1760,,陌,4,,
1761,,隴,4,,
1762,,雹,4,,
1763,,靜,4,,
1764,,鞨,4,,
1765,,鞫,4,,
1766,,頏,4,,
1767,,頡,4,,
1768,,顬,4,,
1769,,飭,4,,
1770,,餞,4,,
1771,,駃,4,,
1772,,騠,4,,
1773,,騾,4,,
1774,,髀,4,,
1775,,髣,4,,
1776,,髴,4,,
1777,,魬,4,,
1778,,鮗,4,,
1779,,鮬,4,,
1780,,鮸,4,,
1781,,鰖,4,,
1782,,鰶,4,,
1783,,鳲,4,,
1784,,鷉,4,,
1785,,鷭,4,,
1786,,鸊,4,,
1787,,仭,3,,
1788,,伜,3,,
1789,,佻,3,,
1790,,侏,3,,
1791,,倘,3,,
1792,,偓,3,,
1793,,僵,3,,
1794,,儂,3,,
1795,,冢,3,,
1796,,卩,3,,
1797,,厂,3,,
1798,,厖,3,,
1799,,叟,3,,
1800,,咤,3,,
1801,,啞,3,,
1802,,嘶,3,,
1803,,嚬,3,,
1804,,囑,3,,
1805,,坩,3,,
1806,,坷,3,,
1807,,垜,3,,
1808,,埔,3,,
1809,,埠,3,,
1810,,堋,3,,
1811,,堝,3,,
1812,,堵,3,,
1813,,嫗,3,,
1814,,嫣,3,,
1815,,孳,3,,
1816,,孺,3,,
1817,,岨,3,,
1818,,峭,3,,
1819,,嵬,3,,
1820,,巉,3,,
1821,,并,3,,
1822,,廂,3,,
1823,,廼,3,,
1824,,弖,3,,
1825,,徉,3,,
1826,,徜,3,,
1827,,徭,3,,
1828,,忸,3,,
1829,,怩,3,,
1830,,悚,3,,
1831,,慷,3,,
1832,,懊,3,,
1833,,懺,3,,
1834,,戀,3,,
1835,,抔,3,,
1836,,拏,3,,
1837,,拼,3,,
1838,,拿,3,,
1839,,掉,3,,
1840,,摹,3,,
1841,,撈,3,,
1842,,攩,3,,
1843,,斛,3,,
1844,,晝,3,,
1845,,晨,3,,
1846,,晰,3,,
1847,,曚,3,,
1848,,杳,3,,
1849,,枻,3,,
1850,,栞,3,,
1851,,梺,3,,
1852,,楣,3,,
1853,,槲,3,,
1854,,樏,3,,
1855,,橢,3,,
1856,,檞,3,,
1857,,歸,3,,
1858,,殭,3,,
1859,,殳,3,,
1860,,毮,3,,
1861,,氐,3,,
1862,,洱,3,,
1863,,渙,3,,
1864,,渣,3,,
1865,,潛,3,,
1866,,澎,3,,
1867,,瀞,3,,
1868,,瀰,3,,
1869,,燠,3,,
1870,,牖,3,,
1871,,牘,3,,
1872,,狄,3,,
1873,,猴,3,,
1874,,猾,3,,
1875,,瑙,3,,
1876,,瑪,3,,
1877,,瓤,3,,
1878,,甍,3,,
1879,,甑,3,,
1880,,疸,3,,
1881,,瘙,3,,
1882,,癋,3,,
1883,,癜,3,,
1884,,盡,3,,
1885,,瞟,3,,
1886,,瞻,3,,
1887,,矇,3,,
1888,,矠,3,,
1889,,碩,3,,
1890,,磈,3,,
1891,,磋,3,,
1892,,磧,3,,
1893,,秡,3,,
1894,,稭,3,,
1895,,窗,3,,
1896,,笄,3,,
1897,,篋,3,,
1898,,篝,3,,
1899,,簎,3,,
1900,,簒,3,,
1901,,糎,3,,
1902,,緲,3,,
1903,,繡,3,,
1904,,纍,3,,
1905,,罎,3,,
1906,,罨,3,,
1907,,耒,3,,
1908,,耘,3,,
1909,,肚,3,,
1910,,胛,3,,
1911,,腦,3,,
1912,,腴,3,,
1913,,膈,3,,
1914,,膊,3,,
1915,,舁,3,,
1916,,舳,3,,
1917,,艀,3,,
1918,,艘,3,,
1919,,菽,3,,
1920,,萼,3,,
1921,,葩,3,,
1922,,蔚,3,,
1923,,蔤,3,,
1924,,薨,3,,
1925,,蠖,3,,
1926,,衵,3,,
1927,,裝,3,,
1928,,覽,3,,
1929,,詈,3,,
1930,,譃,3,,
1931,,谺,3,,
1932,,豈,3,,
1933,,豬,3,,
1934,,豺,3,,
1935,,賺,3,,
1936,,跚,3,,
1937,,跼,3,,
1938,,踝,3,,
1939,,踪,3,,
1940,,蹋,3,,
1941,,蹣,3,,
1942,,蹶,3,,
1943,,蹼,3,,
1944,,躡,3,,
1945,,轌,3,,
1946,,轗,3,,
1947,,辟,3,,
1948,,迺,3,,
1949,,逍,3,,
1950,,鄰,3,,
1951,,酣,3,,
1952,,酥,3,,
1953,,醐,3,,
1954,,醴,3,,
1955,,鋩,3,,
1956,,錢,3,,
1957,,鎗,3,,
1958,,鏖,3,,
1959,,鑓,3,,
1960,,閇,3,,
1961,,閔,3,,
1962,,闍,3,,
1963,,闖,3,,
1964,,隘,3,,
1965,,隧,3,,
1966,,雋,3,,
1967,,霓,3,,
1968,,霾,3,,
1969,,鞆,3,,
1970,,餻,3,,
1971,,餾,3,,
1972,,饋,3,,
1973,,饐,3,,
1974,,驩,3,,
1975,,髙,3,,
1976,,髮,3,,
1977,,鬧,3,,
1978,,鯑,3,,
1979,,鱲,3,,
1980,,鹵,3,,
1981,,鹽,3,,
1982,,麬,3,,
1983,,麾,3,,
1984,,黝,3,,
1985,,黯,3,,
1986,,齟,3,,
1987,,齪,3,,
1988,,齬,3,,
1989,,齷,3,,
1990,,么,2,,
1991,,乘,2,,
1992,,亂,2,,
1993,,亞,2,,
1994,,亳,2,,
1995,,仟,2,,
1996,,侑,2,,
1997,,侫,2,,
1998,,俏,2,,
1999,,俤,2,,
2000,,倔,2,,
2001,,倜,2,,
2002,,倨,2,,
2003,,傳,2,,
2004,,僊,2,,
2005,,僣,2,,
2006,,僮,2,,
2007,,儞,2,,
2008,,儺,2,,
2009,,冂,2,,
2010,,册,2,,
2011,,冏,2,,
2012,,冕,2,,
2013,,冖,2,,
2014,,冰,2,,
2015,,冲,2,,
2016,,刪,2,,
2017,,剝,2,,
2018,,勞,2,,
2019,,匚,2,,
2020,,匸,2,,
2021,,區,2,,
2022,,卉,2,,
2023,,厠,2,,
2024,,厥,2,,
2025,,參,2,,
2026,,吞,2,,
2027,,哄,2,,
2028,,哇,2,,
2029,,喊,2,,
2030,,喞,2,,
2031,,嗉,2,,
2032,,嗩,2,,
2033,,嘈,2,,
2034,,噓,2,,
2035,,嚠,2,,
2036,,囗,2,,
2037,,圓,2,,
2038,,坅,2,,
2039,,埵,2,,
2040,,堊,2,,
2041,,塤,2,,
2042,,塹,2,,
2043,,墩,2,,
2044,,壎,2,,
2045,,夊,2,,
2046,,妁,2,,
2047,,姆,2,,
2048,,嫂,2,,
2049,,嬪,2,,
2050,,孃,2,,
2051,,孽,2,,
2052,,寫,2,,
2053,,將,2,,
2054,,專,2,,
2055,,嶄,2,,
2056,,嶼,2,,
2057,,巓,2,,
2058,,帑,2,,
2059,,幺,2,,
2060,,广,2,,
2061,,廴,2,,
2062,,弋,2,,
2063,,弑,2,,
2064,,彑,2,,
2065,,彡,2,,
2066,,忉,2,,
2067,,忰,2,,
2068,,忻,2,,
2069,,恪,2,,
2070,,惷,2,,
2071,,慂,2,,
2072,,慠,2,,
2073,,慫,2,,
2074,,應,2,,
2075,,懷,2,,
2076,,戰,2,,
2077,,扮,2,,
2078,,拜,2,,
2079,,挂,2,,
2080,,挘,2,,
2081,,插,2,,
2082,,搢,2,,
2083,,撼,2,,
2084,,據,2,,
2085,,擤,2,,
2086,,擯,2,,
2087,,斟,2,,
2088,,旒,2,,
2089,,昵,2,,
2090,,晏,2,,
2091,,曩,2,,
2092,,朮,2,,
2093,,柢,2,,
2094,,柯,2,,
2095,,柲,2,,
2096,,桓,2,,
2097,,楞,2,,
2098,,楲,2,,
2099,,榑,2,,
2100,,榜,2,,
2101,,樓,2,,
2102,,櫑,2,,
2103,,櫺,2,,
2104,,氓,2,,
2105,,沒,2,,
2106,,沛,2,,
2107,,沱,2,,
2108,,淺,2,,
2109,,湍,2,,
2110,,溟,2,,
2111,,溷,2,,
2112,,滿,2,,
2113,,漲,2,,
2114,,澁,2,,
2115,,濟,2,,
2116,,瀏,2,,
2117,,瀦,2,,
2118,,瀧,2,,
2119,,灑,2,,
2120,,炻,2,,
2121,,烝,2,,
2122,,熄,2,,
2123,,熙,2,,
2124,,熳,2,,
2125,,燼,2,,
2126,,猊,2,,
2127,,獪,2,,
2128,,珎,2,,
2129,,珮,2,,
2130,,琳,2,,
2131,,瑾,2,,
2132,,璆,2,,
2133,,瓏,2,,
2134,,瓫,2,,
2135,,疊,2,,
2136,,疥,2,,
2137,,痤,2,,
2138,,痾,2,,
2139,,瘭,2,,
2140,,瘴,2,,
2141,,癘,2,,
2142,,癶,2,,
2143,,發,2,,
2144,,眄,2,,
2145,,眥,2,,
2146,,瞥,2,,
2147,,矍,2,,
2148,,碯,2,,
2149,,磬,2,,
2150,,祢,2,,
2151,,禮,2,,
2152,,穹,2,,
2153,,穽,2,,
2154,,窘,2,,
2155,,竏,2,,
2156,,箜,2,,
2157,,篌,2,,
2158,,篷,2,,
2159,,簟,2,,
2160,,籀,2,,
2161,,籥,2,,
2162,,籵,2,,
2163,,糂,2,,
2164,,糕,2,,
2165,,糢,2,,
2166,,糫,2,,
2167,,紇,2,,
2168,,絏,2,,
2169,,綉,2,,
2170,,綏,2,,
2171,,經,2,,
2172,,綫,2,,
2173,,緜,2,,
2174,,緝,2,,
2175,,縉,2,,
2176,,縑,2,,
2177,,縟,2,,
2178,,繙,2,,
2179,,纎,2,,
2180,,纐,2,,
2181,,罍,2,,
2182,,羇,2,,
2183,,羶,2,,
2184,,羸,2,,
2185,,耦,2,,
2186,,聆,2,,
2187,,聰,2,,
2188,,聽,2,,
2189,,胙,2,,
2190,,胭,2,,
2191,,腟,2,,
2192,,膰,2,,
2193,,臠,2,,
2194,,舊,2,,
2195,,艙,2,,
2196,,茯,2,,
2197,,莽,2,,
2198,,葷,2,,
2199,,蔀,2,,
2200,,蕤,2,,
2201,,號,2,,
2202,,虧,2,,
2203,,蚶,2,,
2204,,蛔,2,,
2205,,蝴,2,,
2206,,螯,2,,
2207,,蠎,2,,
2208,,蠔,2,,
2209,,衽,2,,
2210,,袙,2,,
2211,,袵,2,,
2212,,袿,2,,
2213,,裑,2,,
2214,,褊,2,,
2215,,襅,2,,
2216,,覊,2,,
2217,,覲,2,,
2218,,訌,2,,
2219,,詁,2,,
2220,,詢,2,,
2221,,諚,2,,
2222,,謐,2,,
2223,,謦,2,,
2224,,譴,2,,
2225,,讓,2,,
2226,,賚,2,,
2227,,贐,2,,
2228,,跂,2,,
2229,,跫,2,,
2230,,踐,2,,
2231,,蹕,2,,
2232,,軀,2,,
2233,,輓,2,,
2234,,輦,2,,
2235,,轉,2,,
2236,,迪,2,,
2237,,逹,2,,
2238,,遏,2,,
2239,,邃,2,,
2240,,邈,2,,
2241,,醗,2,,
2242,,醨,2,,
2243,,醺,2,,
2244,,鈞,2,,
2245,,鈹,2,,
2246,,鈿,2,,
2247,,鉏,2,,
2248,,鉞,2,,
2249,,鉸,2,,
2250,,銓,2,,
2251,,鋙,2,,
2252,,錏,2,,
2253,,錣,2,,
2254,,鍰,2,,
2255,,鏈,2,,
2256,,鐔,2,,
2257,,鐚,2,,
2258,,鑄,2,,
2259,,鑠,2,,
2260,,闔,2,,
2261,,關,2,,
2262,,闥,2,,
2263,,阡,2,,
2264,,阨,2,,
2265,,陬,2,,
2266,,隋,2,,
2267,,隗,2,,
2268,,霑,2,,
2269,,靛,2,,
2270,,靺,2,,
2271,,鞜,2,,
2272,,顚,2,,
2273,,顱,2,,
2274,,顴,2,,
2275,,飳,2,,
2276,,餒,2,,
2277,,餛,2,,
2278,,餢,2,,
2279,,餬,2,,
2280,,餮,2,,
2281,,饕,2,,
2282,,駘,2,,
2283,,駟,2,,
2284,,駻,2,,
2285,,騷,2,,
2286,,騸,2,,
2287,,驛,2,,
2288,,驟,2,,
2289,,驥,2,,
2290,,髢,2,,
2291,,髱,2,,
2292,,鬥,2,,
2293,,鬲,2,,
2294,,魍,2,,
2295,,魎,2,,
2296,,魞,2,,
2297,,鮞,2,,
2298,,鯢,2,,
2299,,鰮,2,,
2300,,鴆,2,,
2301,,鴾,2,,
2302,,鵼,2,,
2303,,鶻,2,,
2304,,鷗,2,,
2305,,麥,2,,
2306,,麿,2,,
2307,,黌,2,,
2308,,黏,2,,
2309,,黔,2,,
2310,,點,2,,
2311,,黶,2,,
2312,,鼹,2,,
2313,,齊,2,,
2314,,齒,2,,
2315,,齡,2,,
2316,,丞,1,,
2317,,乖,1,,
2318,,仝,1,,
2319,,伉,1,,
2320,,佼,1,,
2321,,侈,1,,
2322,,俑,1,,
2323,,俥,1,,
2324,,倥,1,,
2325,,偬,1,,
2326,,僥,1,,
2327,,儔,1,,
2328,,刖,1,,
2329,,剕,1,,
2330,,剴,1,,
2331,,劓,1,,
2332,,勦,1,,
2333,,吮,1,,
2334,,呷,1,,
2335,,唳,1,,
2336,,喟,1,,
2337,,嚆,1,,
2338,,垓,1,,
2339,,奐,1,,
2340,,妍,1,,
2341,,妣,1,,
2342,,娶,1,,
2343,,嬥,1,,
2344,,孩,1,,
2345,,宀,1,,
2346,,宦,1,,
2347,,尢,1,,
2348,,巋,1,,
2349,,巍,1,,
2350,,帙,1,,
2351,,幔,1,,
2352,,廈,1,,
2353,,廨,1,,
2354,,廩,1,,
2355,,弼,1,,
2356,,彝,1,,
2357,,忖,1,,
2358,,恫,1,,
2359,,愎,1,,
2360,,愾,1,,
2361,,慟,1,,
2362,,憔,1,,
2363,,憮,1,,
2364,,掣,1,,
2365,,搨,1,,
2366,,擘,1,,
2367,,擠,1,,
2368,,旆,1,,
2369,,晤,1,,
2370,,槧,1,,
2371,,槨,1,,
2372,,歉,1,,
2373,,歹,1,,
2374,,殄,1,,
2375,,殯,1,,
2376,,殲,1,,
2377,,泫,1,,
2378,,涵,1,,
2379,,淪,1,,
2380,,淬,1,,
2381,,淹,1,,
2382,,溘,1,,
2383,,澆,1,,
2384,,瀚,1,,
2385,,瀛,1,,
2386,,燔,1,,
2387,,燹,1,,
2388,,爿,1,,
2389,,獸,1,,
2390,,琿,1,,
2391,,瑜,1,,
2392,,畷,1,,
2393,,疔,1,,
2394,,疚,1,,
2395,,疝,1,,
2396,,瘁,1,,
2397,,瘰,1,,
2398,,癆,1,,
2399,,癤,1,,
2400,,癧,1,,
2401,,皙,1,,
2402,,眛,1,,
2403,,睇,1,,
2404,,睥,1,,
2405,,砰,1,,
2406,,碣,1,,
2407,,禹,1,,
2408,,秭,1,,
2409,,穡,1,,
2410,,穰,1,,
2411,,窿,1,,
2412,,竅,1,,
2413,,笨,1,,
2414,,筧,1,,
2415,,箙,1,,
2416,,箴,1,,
2417,,篊,1,,
2418,,篥,1,,
2419,,篳,1,,
2420,,簣,1,,
2421,,簧,1,,
2422,,簽,1,,
2423,,粤,1,,
2424,,粽,1,,
2425,,絖,1,,
2426,,綮,1,,
2427,,緇,1,,
2428,,緡,1,,
2429,,縵,1,,
2430,,縻,1,,
2431,,繆,1,,
2432,,繽,1,,
2433,,羌,1,,
2434,,羝,1,,
2435,,翕,1,,
2436,,耜,1,,
2437,,耨,1,,
2438,,胥,1,,
2439,,臚,1,,
2440,,臟,1,,
2441,,臧,1,,
2442,,艟,1,,
2443,,艤,1,,
2444,,艨,1,,
2445,,芟,1,,
2446,,芫,1,,
2447,,苒,1,,
2448,,葯,1,,
2449,,蒅,1,,
2450,,蔘,1,,
2451,,蔬,1,,
2452,,薈,1,,
2453,,藐,1,,
2454,,蜃,1,,
2455,,螫,1,,
2456,,蟯,1,,
2457,,衄,1,,
2458,,袒,1,,
2459,,袘,1,,
2460,,裄,1,,
2461,,裨,1,,
2462,,褞,1,,
2463,,襯,1,,
2464,,謚,1,,
2465,,讖,1,,
2466,,豐,1,,
2467,,豸,1,,
2468,,豼,1,,
2469,,貅,1,,
2470,,跌,1,,
2471,,蹉,1,,
2472,,蹤,1,,
2473,,輊,1,,
2474,,輜,1,,
2475,,轂,1,,
2476,,轅,1,,
2477,,辜,1,,
2478,,逅,1,,
2479,,逑,1,,
2480,,邂,1,,
2481,,酋,1,,
2482,,釵,1,,
2483,,銛,1,,
2484,,鎺,1,,
2485,,閭,1,,
2486,,閼,1,,
2487,,闡,1,,
2488,,隍,1,,
2489,,隹,1,,
2490,,霆,1,,
2491,,霙,1,,
2492,,靆,1,,
2493,,靈,1,,
2494,,靉,1,,
2495,,靼,1,,
2496,,鞐,1,,
2497,,颶,1,,
2498,,馥,1,,
2499,,馮,1,,
2500,,駑,1,,
2501,,驍,1,,
2502,,骭,1,,
2503,,鬟,1,,
2504,,鯁,1,,
2505,,鯤,1,,
2506,,鱜,1,,
2507,,鱫,1,,
2508,,鴃,1,,
2509,,鵷,1,,
2510,,鶵,1,,
2511,,鷄,1,,
2512,,麈,1,,
2513,,黜,1,,
2514,,龗,1,,
