UNKNOWN,HIRAGANA,零,,ぜろ,zero,zero,liczba: z...
UNKNOWN,HIRAGANA,零,,れい,rei,zero,liczba: r...
UNKNOWN,HIRAGANA,一,,いち,ichi,jeden,
UNKNOWN,HIRAGANA,二,,に,ni,dwa,
UNKNOWN,HIRAGANA,三,,さん,san,trzy,
UNKNOWN,HIRAGANA,四,,よん,yon,cztery,liczba: y**...
UNKNOWN,HIRAGANA,四,,し,shi,cztery,liczba: sh...
UNKNOWN,HIRAGANA,四,,よ,yo,cztery,liczba: y*...
UNKNOWN,HIRAGANA,五,,ご,go,pięć,
UNKNOWN,HIRAGANA,六,,ろく,roku,sześć,
UNKNOWN,HIRAGANA,七,,なな,nana,siedem,liczba: n...
UNKNOWN,HIRAGANA,七,,しち,shichi,siedem,liczba: s...
UNKNOWN,HIRAGANA,八,,はち,hachi,osiem,
UNKNOWN,HIRAGANA,九,,きゅう,kyuu,dziewięć,liczba: ky...
UNKNOWN,HIRAGANA,九,,く,ku,dziewięć,liczba: ku...
UNKNOWN,HIRAGANA,十,,じゅう,juu,dziesięć,
UNKNOWN,HIRAGANA,百,,ひゃく,hyaku,sto,
UNKNOWN,HIRAGANA,一時,,いちじ,ichiji,1,godzina
UNKNOWN,HIRAGANA,二時,,にじ,niji,2,godzina
UNKNOWN,HIRAGANA,三時,,さんじ,sanji,3,godzina
UNKNOWN,HIRAGANA,四時,,よじ,yoji,4,godzina
UNKNOWN,HIRAGANA,五時,,ごじ,goji,5,godzina
UNKNOWN,HIRAGANA,六時,,ろくじ,rokuji,6,godzina
UNKNOWN,HIRAGANA,七時,,しちじ,shichiji,7,godzina
UNKNOWN,HIRAGANA,八時,,はちじ,hachiji,8,godzina
UNKNOWN,HIRAGANA,九時,,くじ,kuji,9,godzina
UNKNOWN,HIRAGANA,十字,,じゅうじ,juuji,10,godzina
UNKNOWN,HIRAGANA,十一時,,じゅういちじ,juuichiji,11,godzina
UNKNOWN,HIRAGANA,十二時,,じゅうにじ,juuniji,12,godzina
UNKNOWN,HIRAGANA,一時半,,いちじはん,ichiji han,1:30,godzina
UNKNOWN,HIRAGANA,一分,,いっぷん,ippun,jedna minuta,
UNKNOWN,HIRAGANA,二分,,にふん,nifun,dwie minuty,
UNKNOWN,HIRAGANA,三分,,さんぷん,sanpun,trzy minuty,
UNKNOWN,HIRAGANA,四分,,よんぷん,yonpun,cztery minuty,
UNKNOWN,HIRAGANA,五分,,ごふん,gofun,pięć minut,
UNKNOWN,HIRAGANA,六分,,ろっぷん,roppun,sześć minut,
UNKNOWN,HIRAGANA,七分,,ななふん,nanafun,siedem minut,
UNKNOWN,HIRAGANA,八分,,はっぷん,happun,osiem minut,hap...
UNKNOWN,HIRAGANA,八分,,はちふん,hachifun,osiem minut,hach...
UNKNOWN,HIRAGANA,九分,,きゅうふん,kyuufun,dziewięć minut,
UNKNOWN,HIRAGANA,十分,,じゅっぷん,juppun,dziesięć minut,
UNKNOWN,HIRAGANA,一歳,,いっさい,issai,1,wiek
UNKNOWN,HIRAGANA,二歳,,にさい,nisai,2,wiek
UNKNOWN,HIRAGANA,三歳,,さんさい,sansai,3,wiek
UNKNOWN,HIRAGANA,四歳,,よんさい,yonsai,4,wiek
UNKNOWN,HIRAGANA,五歳,,ごさい,gosai,5,wiek
UNKNOWN,HIRAGANA,六歳,,ろくさい,rokusai,6,wiek
UNKNOWN,HIRAGANA,七歳,,ななさい,nanasai,7,wiek
UNKNOWN,HIRAGANA,八歳,,はっさい,hassai,8,wiek
UNKNOWN,HIRAGANA,九歳,,きゅうさい,kyuusai,9,wiek
UNKNOWN,HIRAGANA,十歳,,じゅっさい,jussai,10,wiek
UNKNOWN,HIRAGANA,十一歳,,じゅういっさい,juuissai,11,wiek
UNKNOWN,HIRAGANA,二十歳,,はたち,hatachi,20,wiek
UNKNOWN,HIRAGANA,お早う御座います,,おはようございます,Ohayou gozaimasu,Dzień dobry,rano (grzecznie)
UNKNOWN,HIRAGANA,-,,こんにちわ,Konnichiwa,Dzień dobry,po południu
UNKNOWN,HIRAGANA,-,,こんばんわ,Konbanwa,Dobry wieczór,
UNKNOWN,HIRAGANA,-,,さようなら,Sayounara,Do widzenia,
UNKNOWN,HIRAGANA,お休みなさい,,おやすみなさい,Oyasuminasai,Dobranoc,
UNKNOWN,HIRAGANA,有難う,,ありがとう,Arigatou,Dziękuję,
UNKNOWN,HIRAGANA,有難う御座います,,ありがとうございます,Arigatou gozaimasu,Dziękuję,grzecznie
UNKNOWN,HIRAGANA,-,,すみません,Sumimasen,Przepraszam,
UNKNOWN,HIRAGANA,-,,いいえ,Iie,nie,
UNKNOWN,HIRAGANA,行ってきます,,いってきます,Ittekimasu,Wychodzę,Idę i wrócę
UNKNOWN,HIRAGANA,行ってらっしゃい,,いってらっしゃい,Itterasshai,Wróć,Idź i wróć
UNKNOWN,HIRAGANA,-,,ただいま,Tadaima,Już jestem,Po przybyciu do domu
UNKNOWN,HIRAGANA,-,,おかえりなさい,Okaerinasai,Już jesteś,Będać w domu
UNKNOWN,HIRAGANA,-,,いただきます,Itadakimasu,Smacznego,Przed jedzeniem
UNKNOWN,HIRAGANA,-,,ごちそうさま,Gochisousama,Smacznego,Po jedzeniu
UNKNOWN,HIRAGANA,初めまして,,はじめまして,Hajimemashite,Przywitanie,Pierwsze spotkanie
UNKNOWN,HIRAGANA,-,,どうぞよろしく,Douzo yoroshiku,Miło Cię spotkać,
UNKNOWN,HIRAGANA,-,,どうぞよろしくおねがいします,Douzo yoroshiku onegai shimasu,Miło Cię spotkać,Kierowane do osoby wyżej postawionej
UNKNOWN,HIRAGANA,今,,いま,ima,teraz,
UNKNOWN,HIRAGANA,半,,はん,han,połowa,
UNKNOWN,HIRAGANA,-,,あの,ano,um,
UNKNOWN,HIRAGANA,英語,,えいご,eigo,język angielski,
UNKNOWN,HIRAGANA,-,,ええ,ee,tak,mniej oficjalnie
UNKNOWN,HIRAGANA,学生,,がくせい,gakusei,uczeń,
UNKNOWN,HIRAGANA,語,,ご,go,... język,
UNKNOWN,HIRAGANA,高校,,こうこう,koukou,liceum,
UNKNOWN,HIRAGANA,午後,,ごご,gogo,pm,czas
UNKNOWN,HIRAGANA,午前,,ごぜん,gozen,am,czas
UNKNOWN,HIRAGANA,歳,,さい,sai,... lat,
UNKNOWN,HIRAGANA,-,,さん,san,... Pan,
UNKNOWN,HIRAGANA,時,,じ,ji,... godzina,
UNKNOWN,HIRAGANA,人,,じん,jin,... człowiek,
UNKNOWN,HIRAGANA,先生,,せんせい,sensei,nauczyciel,
UNKNOWN,HIRAGANA,専門,,せんもん,senmon,specjalizacja,
UNKNOWN,HIRAGANA,-,,そうですね,Sou desu ne,To prawda,
UNKNOWN,HIRAGANA,大学,,だいがく,daigaku,uniwersytet,
UNKNOWN,HIRAGANA,電話,,でんわ,denwa,telefon,
UNKNOWN,HIRAGANA,友だち,,ともだち,tomodachi,przyjaciel,
UNKNOWN,HIRAGANA,名前,,なまえ,namae,imię,
UNKNOWN,HIRAGANA,何,,"なん
なに","nan
nani",co,
UNKNOWN,HIRAGANA,日本,,にほん,nihon,Japonia,
UNKNOWN,HIRAGANA,年生,,ねんせい,nensei,... student roku,
UNKNOWN,HIRAGANA,-,,はい,hai,tak,oficjalnie
UNKNOWN,HIRAGANA,番号,,ばんごう,bangou,numer,
UNKNOWN,HIRAGANA,留学生,,りゅうがくせい,ryuugakusei,uczeń międzynarodowy,
UNKNOWN,HIRAGANA,私,,わたし,watashi,ja,
UNKNOWN,KATAKANA,-,,アメリカ,Amerika,Ameryka,
UNKNOWN,KATAKANA,-,,イギリス,Igirisu,Wielka Brytania,
UNKNOWN,KATAKANA,-,,オオストラリア,Oosutoraria,Australia,
UNKNOWN,HIRAGANA,韓国,,かんこく,Kankoku,Korea,
UNKNOWN,KATAKANA,-,,スエーデン,Sueeden,Szwecja,
UNKNOWN,HIRAGANA,中国,,ちゅうごく,chuugoku,Chiny,
UNKNOWN,HIRAGANA,科学,,かがく,kagaku,nauka,
UNKNOWN,HIRAGANA,アジア研究,,アジアけんきゅう,ajiakenkyuu,orientalistyka,
UNKNOWN,HIRAGANA,経済,,けいざい,keizai,ekonomia,
UNKNOWN,HIRAGANA,国際関係,,こくさいかんけい,kokusaikankei,stosunki międzynarodowe,
UNKNOWN,KATAKANA,-,,コンピュウター,konpyuutaa,komputer,
UNKNOWN,HIRAGANA,人類学,,じんるいがく,jinruigaku,antropologia,
UNKNOWN,HIRAGANA,政治,,せいじ,seiji,polityka,
UNKNOWN,KATAKANA,-,,ビジネス,bijinesu,biznes,
UNKNOWN,HIRAGANA,文学,,ぶんがく,bungaku,literatura,
UNKNOWN,HIRAGANA,歴史,,れきし,rekishi,historia,
UNKNOWN,HIRAGANA,仕事,,しごと,shigoto,praca,
UNKNOWN,HIRAGANA,医者,,いしゃ,isha,lekarz,
UNKNOWN,HIRAGANA,会社員,,かいしゃいん,kaishain,pracownik biurowy,
UNKNOWN,HIRAGANA,高校生,,こうこうせい,koukousei,licealista,
UNKNOWN,HIRAGANA,主婦,,しゅふ,shufu,Pani domu,
UNKNOWN,HIRAGANA,大学院生,,だいがくいんせい,daigakuinsei,student,studia magisterskie
UNKNOWN,HIRAGANA,大学生,,だいがくせい,daigakusei,student,
UNKNOWN,HIRAGANA,弁護士,,べんごし,bengoshi,prawnik,
UNKNOWN,HIRAGANA,お母さん,,おかあさん,okaasan,matka,
UNKNOWN,HIRAGANA,お父さん,,おとうさん,otousan,ojciec,
UNKNOWN,HIRAGANA,お姉さん,,おねえさん,oneesan,siostra,starsza
UNKNOWN,HIRAGANA,お兄さん,,おにいさん,oniisan,brat,starszy
UNKNOWN,HIRAGANA,妹,,いもうと,imouto,siostra,młodsza
UNKNOWN,HIRAGANA,弟,,おとうと,otouto,brat,młodszy
UNKNOWN,HIRAGANA,-,,これ,kore,ten,blisko mówcy
UNKNOWN,HIRAGANA,-,,それ,sore,ten,blisko osoby docelowej
UNKNOWN,HIRAGANA,-,,あれ,are,tam,daleko od mówcy i osoby docelowej
UNKNOWN,HIRAGANA,-,,どれ,dore,który,
UNKNOWN,HIRAGANA,-,,この,kono,ten,blisko mówcy (z rzeczownikiem)
UNKNOWN,HIRAGANA,-,,その,sono,ten,blisko osoby docelowej (z rzeczownikiem)
UNKNOWN,HIRAGANA,-,,あの,ano,tam,daleko od mówcy i osoby docelowej (z rzeczownikiem)
UNKNOWN,HIRAGANA,-,,どの,dono,który,z rzeczownikiem
UNKNOWN,HIRAGANA,-,,ここ,koko,tam,"miejsce, blisko mówcy"
UNKNOWN,HIRAGANA,-,,そこ,soko,tam,"miejsce, blisko osoby docelowej"
UNKNOWN,HIRAGANA,-,,あそこ,asoko,tam,"miejsce, daleko od mówcy i osoby docelowej"
UNKNOWN,HIRAGANA,-,,どこ,doko,gdzie,miejsce
UNKNOWN,HIRAGANA,-,,だれ,dare,kto,
UNKNOWN,HIRAGANA,美味しい,,おいしい,oishii,smaczne,
UNKNOWN,HIRAGANA,魚,,さかな,sakana,ryba,
UNKNOWN,HIRAGANA,豚カツ,,とんかつ,tonkatsu,kotlet wieprzowy,
UNKNOWN,HIRAGANA,肉,,にく,niku,mięso,
UNKNOWN,KATAKANA,-,,メニュウ,menyuu,menu,
UNKNOWN,HIRAGANA,野菜,,やさい,yasai,warzywa,
UNKNOWN,HIRAGANA,鉛筆,,えんぴつ,enpitsu,ołówek,
UNKNOWN,HIRAGANA,傘,,かさ,kasa,parasolka,
UNKNOWN,HIRAGANA,鞄,,かばん,kaban,torba,
UNKNOWN,HIRAGANA,靴,,くつ,kutsu,buty,
UNKNOWN,HIRAGANA,財布,,さいふ,saifu,portfel,
UNKNOWN,KATAKANA,-,,ジーンズ,jiinzu,jeansy,
UNKNOWN,HIRAGANA,辞書,,じしょ,jisho,słownik,
UNKNOWN,HIRAGANA,自転車,,じてんしゃ,jitensha,rower,
UNKNOWN,HIRAGANA,新聞,,しんぶん,shinbun,gazeta,
UNKNOWN,KATAKANA,-,,テープ,teepu,kaseta,
UNKNOWN,HIRAGANA,時計,,とけい,tokei,zegarek,
UNKNOWN,KATAKANA,-,,トレーナー,toreenaa,bluza,
UNKNOWN,KATAKANA,-,,ノート,nooto,zeszyt,
UNKNOWN,KATAKANA,-,,ペン,pen,długopis,
UNKNOWN,HIRAGANA,帽子,,ぼうし,boushi,kapelusz,
UNKNOWN,HIRAGANA,本,,ほん,hon,książka,
UNKNOWN,HIRAGANA,御手洗,,おてあらい,otearai,toaleta,
UNKNOWN,HIRAGANA,喫茶店,,きっさてん,kissaten,kawiarnia,
UNKNOWN,HIRAGANA,銀行,,ぎんこう,ginkou,bank,
UNKNOWN,HIRAGANA,図書館,,としょかん,toshokan,biblioteka,w budynku
UNKNOWN,HIRAGANA,郵便局,,ゆうびんきょく,yuubinkyoku,poczta,
UNKNOWN,HIRAGANA,-,,いくら,ikura,ile,koszty
UNKNOWN,HIRAGANA,円,,えん,en,... yen,
UNKNOWN,HIRAGANA,高い,,たかい,takai,"drogi
wysoki","pieniądze, wzrost"
UNKNOWN,HIRAGANA,-,,いらっしゃいませ,irasshaimase,Witamy,przy wchodzeniu do sklepu
UNKNOWN,HIRAGANA,をお願いします,,をおねがいします,wo onegai shimasu,... proszę,
UNKNOWN,HIRAGANA,-,,をください,wo kudasai,Proszę dać mi ...,
UNKNOWN,HIRAGANA,-,,じゃあ,jaa,wtedy,
UNKNOWN,HIRAGANA,-,,をどうぞ,wo douzo,proszę,przy podawaniu komuś czegoś
UNKNOWN,HIRAGANA,-,,どうも,doumo,dziękuję,przy otrzymywaniu czegoś
UNKNOWN,HIRAGANA,-,,です,desu,jest,oficjalnie
UNKNOWN,HIRAGANA,-,,でわありません,dewa arimasen,nie jest,oficjalnie
UNKNOWN,HIRAGANA,-,,じゃありません,ja arimasen,nie jest,mniej oficjalnie
UNKNOWN,HIRAGANA,三百,,さんびゃく,sanbyaku,300,
UNKNOWN,HIRAGANA,六百,,ろっぴゃく,roppyaku,600,
UNKNOWN,HIRAGANA,八百,,はっぴゃく,happyaku,800,
UNKNOWN,HIRAGANA,千,,せん,sen,1000,
UNKNOWN,HIRAGANA,三千,,さんぜん,sanzen,3000,
UNKNOWN,HIRAGANA,八千,,はっせん,hassen,8000,
UNKNOWN,HIRAGANA,一万,,いちまん,ichiman,10000,
UNKNOWN,HIRAGANA,黒板,,こくばん,kokuban,tablica,
UNKNOWN,KATAKANA,-,,ビデオ,bideo,video,
UNKNOWN,KATAKANA,-,,カーテン,kaaten,zasłonka,
UNKNOWN,KATAKANA,-,,ドア,doa,drzwi,
UNKNOWN,HIRAGANA,消しゴム,,けしごむ,keshigomu,gumka,
UNKNOWN,HIRAGANA,椅子,,いす,isu,krzesło,
UNKNOWN,HIRAGANA,分かりました,,わかりました,Wakarimashita,zrozumiałem,
UNKNOWN,HIRAGANA,分かりません,,わかりません,Wakarimasen,nie rozumiem,
UNKNOWN,HIRAGANA,ゆっくり行ってください,,ゆっくりいってください,Yukkuri itte kudasai,Proszę mówić wolno,
UNKNOWN,HIRAGANA,もういちど行ってください,,もういちどいってください,Mou ichido itte kudasai,Proszę powtórzyć,
UNKNOWN,HIRAGANA,ちょっと待ってください,,ちょっとまってください,Chotto matte kudasai,Proszę poczekać,
UNKNOWN,HIRAGANA,赤い,,あかい,akai,czerwony,
UNKNOWN,HIRAGANA,青い,,あおい,aoi,niebieski,
UNKNOWN,HIRAGANA,寿司,,すし,sushi,sushi,
UNKNOWN,HIRAGANA,家具,,かぐ,kagu,meble,
UNKNOWN,HIRAGANA,顔,,かお,kao,twarz,
UNKNOWN,HIRAGANA,愛,,あい,ai,miłość,
UNKNOWN,HIRAGANA,聞く,,きく,kiku,słuchać,
UNKNOWN,HIRAGANA,酒,,さけ,sake,sake,
UNKNOWN,HIRAGANA,牛,,うし,ushi,krowa,
UNKNOWN,HIRAGANA,携帯電話,,けいたいでんわ,keitai denwa,telefon komórkowy,
UNKNOWN,KATAKANA,-,,マーカー,maakaa,marker,
UNKNOWN,HIRAGANA,母,,はは,haha,matka,h...
UNKNOWN,HIRAGANA,父,,ちち,chichi,ojciec,ch...
UNKNOWN,HIRAGANA,歯,,は,ha,ząb,
UNKNOWN,HIRAGANA,日,,ひ,hi,słońce,s...
UNKNOWN,HIRAGANA,日,,ひ,hi,ogień,o...
UNKNOWN,HIRAGANA,耳,,みみ,mimi,ucho,
UNKNOWN,HIRAGANA,目,,め,me,oko,
UNKNOWN,HIRAGANA,桃,,もも,momo,brzoskwinia,
UNKNOWN,HIRAGANA,安い,,やすい,yasui,tani,
UNKNOWN,HIRAGANA,映画,,えいが,eiga,film,
UNKNOWN,HIRAGANA,音楽,,おんがく,ongaku,muzyka,
UNKNOWN,HIRAGANA,雑誌,,ざっし,zasshi,magazyn,
UNKNOWN,KATAKANA,-,,スポーツ,supootsu,sport,
UNKNOWN,KATAKANA,-,,デート,deeto,randka,
UNKNOWN,KATAKANA,-,,テ二ス,tenisu,tenis,
UNKNOWN,KATAKANA,-,,テレビ,terebi,telewizja,
UNKNOWN,KATAKANA,-,,ビデオ,bideo,kaseta video,
UNKNOWN,HIRAGANA,朝御飯,,あさごはん,asagohan,śniadanie,
UNKNOWN,HIRAGANA,お酒,,おさけ,osake,alkohol,
UNKNOWN,HIRAGANA,お茶,,おちゃ,ocha,zielona herbata,
UNKNOWN,KATAKANA,-,,コー匕ー,koohii,kawa,
UNKNOWN,HIRAGANA,晩御飯,,ばんごはん,bangohan,kolacja,
UNKNOWN,KATAKANA,-,,ハンバーガー,hanbaagaa,hamburger,
UNKNOWN,HIRAGANA,昼御飯,,ひるごはん,hirugohan,obiad,
UNKNOWN,HIRAGANA,水,,みず,mizu,woda,
UNKNOWN,HIRAGANA,家,,いえ,ie,dom,bardziej oficjalnie
UNKNOWN,HIRAGANA,家,,うち,uchi,dom,moje miejsce
UNKNOWN,HIRAGANA,-,,えるえる,erueru,laboratorium językowe,ll
UNKNOWN,HIRAGANA,学校,,がっこう,gakkou,szkoła,
UNKNOWN,HIRAGANA,朝,,あさ,asa,rano,
UNKNOWN,HIRAGANA,明日,,あした,ashita,jutro,
UNKNOWN,HIRAGANA,-,,いつ,itsu,kiedy,
UNKNOWN,HIRAGANA,今日,,きょう,kyou,dziś,
UNKNOWN,HIRAGANA,-,,ごろ,goro,około,
UNKNOWN,HIRAGANA,今晩,,こんばん,konban,dziś wieczorem,
UNKNOWN,HIRAGANA,週末,,しゅうまつ,shuumatsu,weekend,
UNKNOWN,HIRAGANA,土曜日,,どようび,doyoubi,sobota,ziemia
UNKNOWN,HIRAGANA,日曜日,,にちようび,nichiyoubi,niedziela,słońce
UNKNOWN,HIRAGANA,毎日,,まいにち,mainichi,każdego dnia,
UNKNOWN,HIRAGANA,毎晩,,まいばん,maiban,każdej nocy,
WORD_VERB_U,HIRAGANA,に行く,,にいく,ni iku,iść,"cel, ni ~"
WORD_VERB_U,HIRAGANA,へ行く,,へいく,e iku,iść,"cel, e ~"
WORD_VERB_U,HIRAGANA,に帰る,,にかえる,ni kaeru,wracać,"cel, ni ~"
WORD_VERB_U,HIRAGANA,へ帰る,,へかえる,e kaeru,wracać,"cel, e ~"
WORD_VERB_U,HIRAGANA,を聞く,,をきく,wo kiku,słuchać,
WORD_VERB_U,HIRAGANA,を飲む,,をのむ,wo nomu,pić,
WORD_VERB_U,HIRAGANA,を話す,,をはなす,wo hanasu,mówić,"język, wo ~"
WORD_VERB_U,HIRAGANA,で話す,,ではなす,de hanasu,mówić,"język, de ~"
WORD_VERB_U,HIRAGANA,を読む,,をよむ,wo yomu,czytać,
WORD_VERB_RU,HIRAGANA,起きる,,おきる,okiru,wstawać,
WORD_VERB_RU,HIRAGANA,を食べる,,をたべる,wo taberu,jeść,
WORD_VERB_RU,HIRAGANA,寝る,,ねる,neru,spać,
WORD_VERB_RU,HIRAGANA,を見る,,をみる,wo miru,patrzeć,czasownik nieprzechodni
WORD_VERB_IRREGULAR,HIRAGANA,に来る,,にくる,ni kuru,przybyć,"cel, ni ~"
WORD_VERB_IRREGULAR,HIRAGANA,へ来る,,へくる,e kuru,przybyć,"cel, ni ~"
WORD_VERB_IRREGULAR,HIRAGANA,-,,をする,wo suru,robić,
WORD_VERB_IRREGULAR,HIRAGANA,を勉強する,,をべんきょうする,wo benkyou suru,studiować,nauka z książek
UNKNOWN,HIRAGANA,-,,いい,ii,dobry,
UNKNOWN,HIRAGANA,早い,,はやい,hayai,wczesny,
UNKNOWN,HIRAGANA,-,,あまり,amari,niewiele,+ forma negatywna
UNKNOWN,HIRAGANA,全然,,ぜんぜん,zenzen,wcale,+ forma negatywna
UNKNOWN,HIRAGANA,大抵,,たいてい,taitei,zwykle,
UNKNOWN,HIRAGANA,-,,ちょっと,chotto,trochę,
UNKNOWN,HIRAGANA,時々,,ときどき,tokidoki,czasami,
UNKNOWN,HIRAGANA,-,,よく,yoku,"często
wiele",
UNKNOWN,HIRAGANA,-,,そうですね,Sou desu ne,To prawda,
UNKNOWN,HIRAGANA,-,,でも,demo,ale,"używane jest po kropce, w nowym zdaniu"
UNKNOWN,HIRAGANA,-,,どうですか,Dou desu ka,co ty na to,
UNKNOWN,HIRAGANA,週,,しゅう,shuu,tydzień,
UNKNOWN,HIRAGANA,末,,まつ,matsu,koniec,
UNKNOWN,HIRAGANA,毎,,まい,mai,każdy,
UNKNOWN,HIRAGANA,お箸,,おはし,ohashi,pałeczki,
UNKNOWN,HIRAGANA,お風呂,,おふろ,ofuro,wanna,
UNKNOWN,HIRAGANA,店,,みせ,mise,sklep,
UNKNOWN,HIRAGANA,和尚三,,おしょうさん,oshousan,mnich,buddyjski
UNKNOWN,HIRAGANA,-,,こぞうさん,kozousan,uczniowie,
UNKNOWN,KATAKANA,-,,タヌキ,kanuki,jenot,
UNKNOWN,KATAKANA,-,,アルバイト,arubaito,praca w niepełnym wymiarze godzin,
UNKNOWN,HIRAGANA,買い物,,かいもの,kaimono,zakupy,
UNKNOWN,KATAKANA,-,,クラス,kurasu,klasa,
UNKNOWN,HIRAGANA,-,,あなた,anata,ty,
UNKNOWN,HIRAGANA,犬,,いぬ,inu,pies,
UNKNOWN,HIRAGANA,お土産,,おみやげ,omiyage,pamiątka,
UNKNOWN,HIRAGANA,子供,,こども,kodomo,dziecko,
UNKNOWN,HIRAGANA,御飯,,ごはん,gohan,jedzenie,j...
UNKNOWN,HIRAGANA,御飯,,ごはん,gohan,ryż gotowany,r...
UNKNOWN,HIRAGANA,写真,,しゃしん,shashin,rysunek,r...
UNKNOWN,HIRAGANA,写真,,しゃしん,shashin,zdjęcie,zd...
UNKNOWN,HIRAGANA,つくえ,,つくえ,tsukue,stół,
UNKNOWN,HIRAGANA,手紙,,てがみ,tegami,list,
UNKNOWN,HIRAGANA,猫,,ねこ,neko,kot,
UNKNOWN,KATAKANA,-,,パン,pan,chleb,
UNKNOWN,HIRAGANA,人,,ひと,hito,osoba,
UNKNOWN,HIRAGANA,お寺,,おてら,otera,świątynia,buddyjska
UNKNOWN,HIRAGANA,神社,,じんじゃ,jinja,świątynia,shintoistyczna
UNKNOWN,HIRAGANA,公園,,こうえん,kouen,park,publiczny
UNKNOWN,KATAKANA,-,,スウパー,suupaa,supermarket,
UNKNOWN,KATAKANA,-,,デパート,depaato,dom handlowy,
UNKNOWN,HIRAGANA,バス停,,ばすてい,basutei,przystanek autobusowy,
UNKNOWN,HIRAGANA,病院,,びょういん,byouin,szpital,
UNKNOWN,KATAKANA,-,,ホテル,hoteru,hotel,
UNKNOWN,HIRAGANA,本や,,ほにゃ,honya,księgarnia,
UNKNOWN,HIRAGANA,町,,まち,machi,miasteczko,
UNKNOWN,KATAKANA,-,,レストラン,resutoran,restauracja,
UNKNOWN,HIRAGANA,一日,,ついたち,tsuitachi,1,dzień miesiąca
UNKNOWN,HIRAGANA,二日,,ふつか,futsuka,2,dzień miesiąca
UNKNOWN,HIRAGANA,三日,,みっか,mikka,3,dzień miesiąca
UNKNOWN,HIRAGANA,四日,,よっか,yokka,4,dzień miesiąca
UNKNOWN,HIRAGANA,五日,,いつか,itsuka,5,dzień miesiąca
UNKNOWN,HIRAGANA,六日,,むいか,muika,6,dzień miesiąca
UNKNOWN,HIRAGANA,七日,,なのか,nanoka,7,dzień miesiąca
UNKNOWN,HIRAGANA,八日,,ようか,youka,8,dzień miesiąca
UNKNOWN,HIRAGANA,九日,,ここのか,kokonoka,9,dzień miesiąca
UNKNOWN,HIRAGANA,十日,,とうか,touka,10,dzień miesiąca
UNKNOWN,HIRAGANA,十一日,,じゅういちにち,juuichinichi,11,dzień miesiąca
UNKNOWN,HIRAGANA,十二日,,じゅうににち,juuninichi,12,dzień miesiąca
UNKNOWN,HIRAGANA,十三日,,じゅうさんにち,juusannichi,13,dzień miesiąca
UNKNOWN,HIRAGANA,十四日,,じゅうよっか,juuyokka,14,dzień miesiąca
UNKNOWN,HIRAGANA,十五日,,じゅうごにち,juugonichi,15,dzień miesiąca
UNKNOWN,HIRAGANA,十六日,,じゅうろくにち,juurokunichi,16,dzień miesiąca
UNKNOWN,HIRAGANA,十七日,,じゅうしちにち,juushichinichi,17,dzień miesiąca
UNKNOWN,HIRAGANA,十八日,,じゅうはちにち,juuhachinichi,18,dzień miesiąca
UNKNOWN,HIRAGANA,十九日,,じゅうくにち,juukunichi,19,dzień miesiąca
UNKNOWN,HIRAGANA,二十日,,はつか,hatsuka,20,dzień miesiąca
UNKNOWN,HIRAGANA,二十一日,,にじゅういちにち,nijuuichinichi,21,dzień miesiąca
UNKNOWN,HIRAGANA,二十二日,,にじゅうににち,nijuuninichi,22,dzień miesiąca
UNKNOWN,HIRAGANA,二十三日,,にじゅうさんにち,nijuusannichi,23,dzień miesiąca
UNKNOWN,HIRAGANA,二十四日,,にじゅうよっか,nijuuyokka,24,dzień miesiąca
UNKNOWN,HIRAGANA,二十五日,,にじゅうごにち,nijuugonichi,25,dzień miesiąca
UNKNOWN,HIRAGANA,二十六日,,にじゅうろくにち,nijuurokunichi,26,dzień miesiąca
UNKNOWN,HIRAGANA,二十七日,,にじゅうしちにち,nijuushichinichi,27,dzień miesiąca
UNKNOWN,HIRAGANA,二十八日,,にじゅうはちにち,nijuuhachinichi,28,dzień miesiąca
UNKNOWN,HIRAGANA,二十九日,,にじゅうくにち,nijuukunichi,29,dzień miesiąca
UNKNOWN,HIRAGANA,三十日,,さんじゅうにち,sanjuunichi,30,dzień miesiąca
UNKNOWN,HIRAGANA,三十一日,,さんじゅういちにち,sanjuuichinichi,31,dzień miesiąca
UNKNOWN,HIRAGANA,一月,,いちがつ,ichigatsu,styczeń,
UNKNOWN,HIRAGANA,二月,,にがつ,nigatsu,luty,
UNKNOWN,HIRAGANA,三月,,さんがつ,sangatsu,marzec,
UNKNOWN,HIRAGANA,四月,,しがつ,shigatsu,kwiecień,
UNKNOWN,HIRAGANA,五月,,ごがつ,gogatsu,maj,
UNKNOWN,HIRAGANA,六月,,ろくがつ,rokugatsu,czerwiec,
UNKNOWN,HIRAGANA,七月,,しちがつ,shichigatsu,lipiec,
UNKNOWN,HIRAGANA,八月,,はちがつ,hachigatsu,sierpień,
UNKNOWN,HIRAGANA,九月,,くがつ,kugatsu,wrzesień,
UNKNOWN,HIRAGANA,十月,,じゅうがつ,juugatsu,październik,
UNKNOWN,HIRAGANA,十一月,,じゅういちがつ,juuichigatsu,listopad,
UNKNOWN,HIRAGANA,十二月,,じゅうにがつ,juunigatsu,grudzień,
UNKNOWN,HIRAGANA,一昨日,,おととい,ototoi,przedwczoraj,
UNKNOWN,HIRAGANA,昨日,,きのう,kinou,wczoraj,
UNKNOWN,HIRAGANA,今日,,きょう,kyou,dziś,
UNKNOWN,HIRAGANA,明日,,あした,ashita,jutro,
UNKNOWN,HIRAGANA,-,,あさって,asatte,pojutrze,
UNKNOWN,HIRAGANA,先々週,,せんせんしゅう,sensenshuu,tydzień przed zeszłym tygodniem,
UNKNOWN,HIRAGANA,先週,,せんしゅう,senshuu,zeszły tydzień,
UNKNOWN,HIRAGANA,今週,,こんしゅう,konshuu,obecny tydzień,
UNKNOWN,HIRAGANA,来週,,らいしゅう,raishuu,przyszły tydzień,
UNKNOWN,HIRAGANA,再来週,,さらいしゅう,saraishuu,tydzień po przyszłym tygodniu,
UNKNOWN,HIRAGANA,-,,おととし,ototoshi,rok przed poprzedni rokiem,
UNKNOWN,HIRAGANA,去年,,きょねん,kyonen,poprzedni rok,
UNKNOWN,HIRAGANA,今年,,ことし,kotoshi,aktualny rok,
UNKNOWN,HIRAGANA,来年,,らいねん,rainen,przyszły rok,
UNKNOWN,HIRAGANA,再来年,,さらいねん,sarainen,rok po przyszłym roku,
UNKNOWN,HIRAGANA,さっき,,さっき,sakki,przed chwilą,
UNKNOWN,HIRAGANA,時間,,じかん,jikan,godzina,okres
UNKNOWN,HIRAGANA,一時間,,いちじかん,ichijikan,jedna godzina,
UNKNOWN,HIRAGANA,時,,とき,toki,kiedy,wskazanie jakiegoś momentu w czasie
UNKNOWN,HIRAGANA,月曜日,,げつようび,getsuyoubi,poniedziałek,księżyc
UNKNOWN,HIRAGANA,火曜日,,かようび,kayoubi,wtorek,ogień
UNKNOWN,HIRAGANA,水曜日,,すいようび,suiyoubi,środa,woda
UNKNOWN,HIRAGANA,木曜日,,もくようび,mokuyoubi,czwartek,drzewo
UNKNOWN,HIRAGANA,金曜日,,きにょうび,kinyoubi,piątek,"pieniądze, złoto"
UNKNOWN,HIRAGANA,土曜日,,どようび,doyoubi,sobota,ziemia
UNKNOWN,HIRAGANA,日曜日,,にちようび,nichiyoubi,niedziela,słońce
WORD_VERB_U,HIRAGANA,に会う,,にあう,ni au,"spotykać
widzieć osobę","osoba, ni"
WORD_VERB_U,HIRAGANA,と会う,,とあう,to au,"spotykać
widzieć osobę","osoba, ni"
WORD_VERB_U,HIRAGANA,-,,がある,ga aru,być,do rzeczy martwych
WORD_VERB_U,HIRAGANA,を買う,,をかう,wo kau,kupować,
WORD_VERB_U,HIRAGANA,を書く,,をかく,wo kaku,pisać,osoba ni rzecz
WORD_VERB_U,HIRAGANA,を撮る,,をとる,wo toru,robić zdjęcie,
WORD_VERB_U,HIRAGANA,を待つ,,をまつ,wo matsu,czekać,
WORD_VERB_U,HIRAGANA,-,,がわかる,ga wakaru,rozumieć,
WORD_VERB_RU,HIRAGANA,-,,がいる,ga iru,być,"miejsce ni, do rzeczy żywych"
UNKNOWN,HIRAGANA,-,,ぐらい,gurai,około,ogólne
UNKNOWN,HIRAGANA,-,,ごめんなさい,gomen nasai,przepraszam,
UNKNOWN,HIRAGANA,-,,だから,dakara,ponieważ,
UNKNOWN,HIRAGANA,-,,たくさん,takusan,dużo,
UNKNOWN,HIRAGANA,-,,すこし,sukoshi,mało,
UNKNOWN,HIRAGANA,-,,と,to,do łączenia,
UNKNOWN,HIRAGANA,-,,どうして,doushite,dlaczego,
UNKNOWN,HIRAGANA,一人で,,ひとりで,hitoride,sam,
UNKNOWN,HIRAGANA,-,,もしもし,moshimoshi,hallo,używane przy odbieraniu telefonu
UNKNOWN,HIRAGANA,右,,みぎ,migi,prawo,kierunek
UNKNOWN,HIRAGANA,左,,ひだり,hidari,lewo,kierunek
UNKNOWN,HIRAGANA,前,,まえ,mae,przed,
UNKNOWN,HIRAGANA,後ろ,,うしろ,ushiro,za,
UNKNOWN,HIRAGANA,中,,なか,naka,środek,
UNKNOWN,HIRAGANA,上,,うえ,ue,na,
UNKNOWN,HIRAGANA,下,,した,shita,pod,
UNKNOWN,HIRAGANA,-,,そば,soba,w pobliżu,
UNKNOWN,HIRAGANA,隣,,となり,tonari,obok,
UNKNOWN,HIRAGANA,間,,あいだ,aida,pomiędzy,
UNKNOWN,HIRAGANA,お隣さん,,おとなりさん,otonarisan,sąsiad,mniej oficjalnie
UNKNOWN,HIRAGANA,海,,うみ,umi,morze,
UNKNOWN,HIRAGANA,切手,,きって,kitte,znaczek pocztowy,
UNKNOWN,HIRAGANA,切符,,きっぷ,kippu,bilet,
UNKNOWN,KATAKANA,-,,サーフィン,saafin,surfing,
UNKNOWN,HIRAGANA,宿題,,しゅくだい,shukudai,praca domowa,
UNKNOWN,HIRAGANA,食べ物,,たべもの,tabemono,jedzenie,
UNKNOWN,HIRAGANA,誕生日,,たんじょうび,tanjoubi,urodziny,
UNKNOWN,KATAKANA,-,,テスト,tesuto,test,
UNKNOWN,HIRAGANA,天気,,てんき,tenki,pogoda,
UNKNOWN,HIRAGANA,飲み物,,のみもの,nomimono,picie,
UNKNOWN,HIRAGANA,葉書,,はがき,hagaki,pocztówka,
UNKNOWN,KATAKANA,-,,バス,basu,autobus,
UNKNOWN,HIRAGANA,飛行機,,ひこうき,hikouki,samolot,
UNKNOWN,HIRAGANA,部屋,,へや,heya,pokój,
UNKNOWN,HIRAGANA,僕,,ぼく,boku,ja,używane przez mężczyzn
UNKNOWN,HIRAGANA,休み,,やすみ,yasumi,"wakacje
odpoczynek
nieobecny",
UNKNOWN,HIRAGANA,旅行,,りょこう,ryokou,podróż,
WORD_ADJECTIVE_I,HIRAGANA,新しい,,あたらしい,atarashii,nowy,
WORD_ADJECTIVE_I,HIRAGANA,暑い,,あつい,atsui,gorąco,pogoda
WORD_ADJECTIVE_I,HIRAGANA,熱い,,あつい,atsui,gorąco,przedmioty
WORD_ADJECTIVE_I,HIRAGANA,忙しい,,いそがしい,isogashii,zajęty,człowiek / dzień
WORD_ADJECTIVE_I,HIRAGANA,大きい,,おおきい,ookii,duży,
WORD_ADJECTIVE_I,HIRAGANA,面白い,,おもしろい,omoshiroi,interesujący,
WORD_ADJECTIVE_I,HIRAGANA,怖い,,こわい,kowai,straszny,
WORD_ADJECTIVE_I,HIRAGANA,寒い,,さむい,samui,zimno,pogoda
WORD_ADJECTIVE_I,HIRAGANA,楽しい,,たのしい,tanoshii,zabawny,
WORD_ADJECTIVE_I,HIRAGANA,小さい,,ちいさい,chiisai,mały,
WORD_ADJECTIVE_I,HIRAGANA,-,,つまらない,tsumaranai,nudny,
WORD_ADJECTIVE_I,HIRAGANA,古い,,ふるい,furui,stary,do przedmiotów
WORD_ADJECTIVE_I,HIRAGANA,難しい,,むずかしい,muzukashii,trudny,
WORD_ADJECTIVE_I,HIRAGANA,-,,やさしい,yasashii,"łatwy
miły",problem / człowiek
WORD_ADJECTIVE_I,HIRAGANA,安い,,やすい,yasui,tani,
WORD_ADJECTIVE_NA,HIRAGANA,嫌い,,きらい,kirai,nie lubić,
WORD_ADJECTIVE_NA,HIRAGANA,-,,きれい,kirei,"ładne
czyste",
WORD_ADJECTIVE_NA,HIRAGANA,元気,,げんき,genki,"zdrowy
energiczny",
WORD_ADJECTIVE_NA,HIRAGANA,静か,,しずか,shizuka,cichy,
WORD_ADJECTIVE_NA,HIRAGANA,好き,,すき,suki,lubić,
WORD_ADJECTIVE_NA,HIRAGANA,大嫌い,,だいきらい,daikirai,nienawidzić,
WORD_ADJECTIVE_NA,HIRAGANA,大好き,,だいすき,daisuki,kochać,
WORD_ADJECTIVE_NA,HIRAGANA,-,,にぎやか,nigiyaka,żywy,
WORD_ADJECTIVE_NA,HIRAGANA,-,,はんさむ,hansamu,przystojny,
WORD_ADJECTIVE_NA,HIRAGANA,暇,,ひま,hima,nie zajęty,
WORD_VERB_U,HIRAGANA,泳ぐ,,およぐ,oyogu,pływać,
WORD_VERB_U,HIRAGANA,に聞く,,にきく,ni kiku,pytać,osobę
WORD_VERB_U,HIRAGANA,に乗る,,にのる,ni noru,"podróżować
wsiadać",
WORD_VERB_U,HIRAGANA,-,,をやる,wo yaru,wykonywać,
WORD_VERB_RU,HIRAGANA,出かける,,でかける,dekakeru,wychodzić,
UNKNOWN,HIRAGANA,一緒に,,いっしょに,isshoni,razem,
UNKNOWN,HIRAGANA,-,,それから,sorekara,i wtedy,
UNKNOWN,HIRAGANA,大丈夫,,だいじょうぶ,daijoubu,w porządku,
UNKNOWN,HIRAGANA,-,,とても,totemo,bardzo,
UNKNOWN,HIRAGANA,-,,どんな,donna,jakiego rodzaju,
UNKNOWN,HIRAGANA,枚,,まい,mai,do liczenia,płaskich przedmiotów
UNKNOWN,HIRAGANA,-,,まで,made,do,"miejsce, czasu"
UNKNOWN,HIRAGANA,-,,から,kara,od,czasu
UNKNOWN,HIRAGANA,電車,,でんしゃ,densha,pociąg,
WORD_ADJECTIVE_NA,HIRAGANA,病気,,びょうき,byouki,chory,
UNKNOWN,HIRAGANA,年をとった,,としをとった,toshi wo totta,stary,wo człowieku
UNKNOWN,HIRAGANA,若い,,わかい,wakai,młody,wo człowieku
UNKNOWN,HIRAGANA,汚い,,きたない,kitanai,brudny,
UNKNOWN,HIRAGANA,窓口,,まどぐち,madoguchi,okienko pocztowe,
UNKNOWN,HIRAGANA,小包,,こづつみ,kodutsumi,paczka,
UNKNOWN,HIRAGANA,航空便,,こうくうびん,koukuubin,poczta lotnicza,
UNKNOWN,HIRAGANA,保険,,ほけん,hoken,ubezpieczenie,
UNKNOWN,HIRAGANA,書留,,かきとめ,kakitome,list polecony,
UNKNOWN,KATAKANA,-,,エアログラム,earoguramu,poczta lotnicza,
UNKNOWN,HIRAGANA,封書,,ふうしょ,fuusho,list,bardzo oficjalnie
UNKNOWN,HIRAGANA,船便,,ふなびん,funabin,poczta lotnicza,
UNKNOWN,HIRAGANA,速達,,そくたつ,sokutatsu,specjalna dostawa,
UNKNOWN,HIRAGANA,電池,,でんち,denchi,bateria,
UNKNOWN,HIRAGANA,お金,,おかね,okane,pieniądze,
UNKNOWN,HIRAGANA,-,,おばあさん,obaasan,"babcia
starsza kobieta",
UNKNOWN,HIRAGANA,お風呂,,おふろ,ofuro,kąpiel,
UNKNOWN,HIRAGANA,漢字,,かんじ,kanji,kanji,
UNKNOWN,HIRAGANA,教科書,,きょうかしょ,kyoukasho,podręcznik,
UNKNOWN,HIRAGANA,今週,,こんしゅう,konshuu,aktualny tydzień,
UNKNOWN,HIRAGANA,市民病院,,しみんびょういん,shiminbyouin,szpital miejski,
UNKNOWN,HIRAGANA,次,,つぎ,tsugi,następny,
UNKNOWN,KATAKANA,-,,テレビげーむ,terebi geemu,gra telewizyjna,
UNKNOWN,HIRAGANA,電気,,でんき,denki,"elektryczność
prąd
światło",
UNKNOWN,HIRAGANA,電車,,でんしゃ,densha,pociąg,
UNKNOWN,HIRAGANA,荷物,,にもつ,nimotsu,bagaż,
UNKNOWN,KATAKANA,-,,ページ,peeji,strona,
UNKNOWN,HIRAGANA,窓,,まど,mado,okno,
UNKNOWN,HIRAGANA,夜,,よる,yoru,noc,
UNKNOWN,HIRAGANA,来週,,らいしゅう,raishuu,przyszły tydzień,
UNKNOWN,HIRAGANA,来年,,らいねん,rainen,przyszły rok,
UNKNOWN,HIRAGANA,大変,,たいへん,taihen,ciężka,sytuacja
WORD_VERB_U,HIRAGANA,遊ぶ,,あそぶ,asobu,"grać
miło spędzać czas",
WORD_VERB_U,HIRAGANA,急ぐ,,いそぐ,isogu,spieszyć się,
WORD_VERB_U,HIRAGANA,お風呂に入る,,おふろにはいる,ofuro ni hairu,brać kąpiel,
WORD_VERB_U,HIRAGANA,を返す,,をかえす,wo kaesu,zwrócić,osoba ni rzecz
WORD_VERB_U,HIRAGANA,を消す,,をけす,wo kesu,"wyłączyć
skasować",
WORD_VERB_U,HIRAGANA,死ぬ,,しぬ,shinu,umierać,
WORD_VERB_U,HIRAGANA,に座る,,にすわる,ni suwaru,siadać,siedzenie
WORD_VERB_U,HIRAGANA,立つ,,たつ,tatsu,stać,
WORD_VERB_U,HIRAGANA,たばこを吸う,,たばこをすう,tabako wo suu,palić,
WORD_VERB_U,HIRAGANA,を使う,,をつかう,wo tsukau,używać,
WORD_VERB_U,HIRAGANA,を手伝う,,をてつだう,wo tetsudau,pomagać,osoba/zadanie
WORD_VERB_U,HIRAGANA,に入る,,にはいる,ni hairu,wchodzić,
WORD_VERB_U,HIRAGANA,を持つ,,をもつ,wo motsu,"nosić
trzymać",
WORD_VERB_U,HIRAGANA,を休む,,をやすむ,wo yasumu,być nieobecnym,
WORD_VERB_U,HIRAGANA,休む,,やすむ,yasumu,odpoczywać,
WORD_VERB_RU,HIRAGANA,を開ける,,をあける,wo akeru,otwierać,
WORD_VERB_RU,HIRAGANA,を教える,,をおしえる,wo oshieru,uczyć,osoba ni rzecz
WORD_VERB_RU,HIRAGANA,を降りる,,をおりる,wo oriru,zdejmować,
UNKNOWN,HIRAGANA,を借りる,,をかりる,wo kariru,pożyczać,osoba ni rzecz
WORD_VERB_RU,HIRAGANA,を閉める,,をしめる,wo shimeru,zamykać,
WORD_VERB_RU,HIRAGANA,-,,をつける,wo tsukeru,włączać,
WORD_VERB_RU,HIRAGANA,電話をかける,,でんわをかける,denwa wo kakeru,dzwonić,osoba ni
WORD_VERB_RU,HIRAGANA,忘れる,,をわすれる,wo wasureru,zapomnieć,
WORD_VERB_IRREGULAR,HIRAGANA,を連れてくる,,をつれてくる,wo tsurete kuru,przyprowadzać,
WORD_VERB_IRREGULAR,HIRAGANA,持ってくる,,をもってくる,wo motte kuru,przynosić,
UNKNOWN,HIRAGANA,後で,,あとで,atode,później,
UNKNOWN,HIRAGANA,遅く,,おそく,osoku,zrobić coś później,
UNKNOWN,HIRAGANA,-,,から,kara,ponieważ,
UNKNOWN,HIRAGANA,結構です,,けっこうです,kekkou desu,"To jest w porządku
To nie będzie potrzebne",
UNKNOWN,HIRAGANA,-,,すぐ,sugu,w tej chwili,
UNKNOWN,HIRAGANA,本当,,ほんとう,hontou,naprawdę,
UNKNOWN,HIRAGANA,-,,ゆっくり,yukkuri,"powoli
wolno
bez pośpiechu",
UNKNOWN,HIRAGANA,遅い,,おそい,osoi,późny,
UNKNOWN,HIRAGANA,遅く,,おそく,osoku,późno,
UNKNOWN,HIRAGANA,悪い,,わるい,warui,zły,
UNKNOWN,HIRAGANA,言葉,,ことば,kotoba,"słowo
język
mowa",
UNKNOWN,HIRAGANA,道,,みち,michi,droga,
UNKNOWN,KATAKANA,-,,ゴミ,gomi,śmieci,
WORD_VERB_RU,HIRAGANA,を捨てる,,をすてる,wo suteru,wyrzucać,
UNKNOWN,HIRAGANA,-,,おばあさん,obaasan,babcia,
UNKNOWN,HIRAGANA,-,,おじいさん,ojiisan,dziadek,
UNKNOWN,HIRAGANA,-,,おばさん,obasan,ciocia,
UNKNOWN,HIRAGANA,-,,おじさん,ojisan,wujek,
UNKNOWN,HIRAGANA,頭がいい,,あたまがいい,atama ga ii,mądry,
UNKNOWN,HIRAGANA,頭が悪い,,あたまがわるい,atama ga warui,głupi,
UNKNOWN,HIRAGANA,まっすぐ行く,,まっすぐいく,massugu iku,iść prosto,
UNKNOWN,HIRAGANA,右に曲がる,,みぎにまがる,migi ni magaru,skręcić w prawo,
UNKNOWN,HIRAGANA,左に曲がる,,ひだりにまがる,hidari ni magaru,skręcić w lewo,
UNKNOWN,HIRAGANA,一つ目の信号を右に曲がる,,ひとつめのしんごうをみぎにまがる,hitotsu me no shingou wo migi ni magaru,skręcić w prawo na pierwszych światłach,
UNKNOWN,HIRAGANA,二つ目の角を左に曲がる,,ふたつめのかどをひだりにまがる,futatsu me no kado wo hidari ni magaru,skręcić w lewo na drugim skrzyżowaniu,
UNKNOWN,HIRAGANA,道を渡る,,みちをわたる,michi wo wataru,przez ulicę,
UNKNOWN,HIRAGANA,道の左側,,みちのひだりかわ,michi no hidari kawa,lewo strona ulicy,
UNKNOWN,HIRAGANA,道の右側,,みちのみぎかわ,michi no migi kawa,prawa strona ulicy,
WORD_VERB_TE,HIRAGANA,起きる,,おきる,okiru,okute,
WORD_VERB_TE,HIRAGANA,食べる,,たべる,taberu,tabete,
WORD_VERB_TE,HIRAGANA,寝る,,ねる,neru,nete,
WORD_VERB_TE,HIRAGANA,見る,,みる,miru,mite,
WORD_VERB_TE,HIRAGANA,-,,いる,iru,ite,
WORD_VERB_TE,HIRAGANA,出かける,,でかける,dekakeru,dekakete,
WORD_VERB_TE,HIRAGANA,会う,,あう,au,atte,u
WORD_VERB_TE,HIRAGANA,買う,,かう,kau,katte,u
WORD_VERB_TE,HIRAGANA,聞く,,きく,kiku,kiite,ku
WORD_VERB_TE,HIRAGANA,書く,,かく,kaku,kaite,ku
WORD_VERB_TE,HIRAGANA,行く,,いく,iku,itte,ku (nieregularny)
WORD_VERB_TE,HIRAGANA,泳ぐ,,およぐ,oyogu,oyoide,gu
WORD_VERB_TE,HIRAGANA,話す,,はなす,hanasu,hanashite,su
WORD_VERB_TE,HIRAGANA,待つ,,まつ,matsu,matte,tsu
WORD_VERB_TE,HIRAGANA,飲む,,のむ,nomu,nonde,mu
WORD_VERB_TE,HIRAGANA,読む,,よむ,yomu,yonde,mu
WORD_VERB_TE,HIRAGANA,帰る,,かえる,kaeru,kaette,ru
WORD_VERB_TE,HIRAGANA,-,,ある,aru,atte,ru
WORD_VERB_TE,HIRAGANA,-,,とる,toru,totte,ru
WORD_VERB_TE,HIRAGANA,-,,わかる,wakaru,wakatte,ru
WORD_VERB_TE,HIRAGANA,乗る,,のる,noru,notte,ru
WORD_VERB_TE,HIRAGANA,-,,やる,yaru,yatte,ru
WORD_VERB_TE,HIRAGANA,来る,,くる,kuru,kite,nieregularny
WORD_VERB_TE,HIRAGANA,-,,する,suru,shite,nieregularny
WORD_VERB_TE,HIRAGANA,勉強する,,べんきょうする,benkyou suru,benkyou shite,nieregularny
UNKNOWN,HIRAGANA,一人,,ひとり,hitori,jeden człowiek,*
UNKNOWN,HIRAGANA,二人,,ふたり,futari,dwoje ludzi,*
UNKNOWN,HIRAGANA,三人,,さんにん,sannin,troje ludzi,
UNKNOWN,HIRAGANA,四人,,よにん,yonin,czworo ludzi,*
UNKNOWN,HIRAGANA,五人,,ごにん,gonin,pięcioro ludzi,
UNKNOWN,HIRAGANA,六人,,ろくにん,rokunin,sześcioro ludzi,
UNKNOWN,HIRAGANA,七人,,しちにん,shichinin,siedmioro ludzi,s...
UNKNOWN,HIRAGANA,七人,,ななにん,nananin,siedmioro ludzi,n...
UNKNOWN,HIRAGANA,八人,,はちにん,hachinin,ośmioro ludzi,
UNKNOWN,HIRAGANA,九人,,きゅうにん,kyuunin,dziewięcioro ludzi,
UNKNOWN,HIRAGANA,十人,,じゅうにん,juunin,dziesięcioro ludzi,
UNKNOWN,HIRAGANA,髪,,かみ,kami,włosy,
UNKNOWN,HIRAGANA,耳,,みみ,mimi,ucho,
UNKNOWN,HIRAGANA,目,,め,me,oko,
UNKNOWN,HIRAGANA,鼻,,はな,hana,nos,
UNKNOWN,HIRAGANA,口,,くち,kuchi,usta,
UNKNOWN,HIRAGANA,歯,,は,ha,ząb,
UNKNOWN,HIRAGANA,指,,ゆび,yubi,palce,
UNKNOWN,HIRAGANA,首,,くび,kubi,szyja,
UNKNOWN,HIRAGANA,手,,て,te,"dłoń
ręka",
UNKNOWN,HIRAGANA,頭,,あたま,atama,głowa,
UNKNOWN,HIRAGANA,背中,,せなか,senaka,plecy,
UNKNOWN,HIRAGANA,-,,おしり,oshiri,pośladek,
UNKNOWN,HIRAGANA,顔,,かお,kao,twarz,
UNKNOWN,HIRAGANA,肩,,かた,kata,ramię,
UNKNOWN,HIRAGANA,胸,,むね,mune,klatka piersiowa,
UNKNOWN,HIRAGANA,-,,おなか,onaka,brzuch,
UNKNOWN,HIRAGANA,足,,あし,ashi,"noga
stopa",
UNKNOWN,HIRAGANA,お父さん,,おとうさん,otousan,ojciec,spoza swojej rodziny
UNKNOWN,HIRAGANA,お母さん,,おかあさん,okaasan,matka,spoza swojej rodziny
UNKNOWN,HIRAGANA,お兄さん,,おにいさん,oniisan,starszy brat,spoza swojej rodziny
UNKNOWN,HIRAGANA,お姉さん,,おねえさん,oneesan,starsza siostra,spoza swojej rodziny
UNKNOWN,HIRAGANA,弟さん,,おとうとさん,otoutosan,młodszy brat,spoza swojej rodziny
UNKNOWN,HIRAGANA,妹さん,,いもうとさん,imoutosan,młodsza siostra,spoza swojej rodziny
UNKNOWN,HIRAGANA,ご主人,,ごしゅじん,goshujin,mąż,spoza swojej rodziny
UNKNOWN,HIRAGANA,奥さん,,おくさん,okusan,żona,spoza swojej rodziny
UNKNOWN,HIRAGANA,-,,おじいさん,ojiisan,dziadek,spoza swojej rodziny
UNKNOWN,HIRAGANA,-,,おばあさん,obaasan,babcia,spoza swojej rodziny
UNKNOWN,HIRAGANA,お子さん,,おこさん,okosan,dziecko,spoza swojej rodziny
UNKNOWN,HIRAGANA,お父さん,,おとうさん,otousan,ojciec,"własna rodzina, nieformalnie"
UNKNOWN,HIRAGANA,お母さん,,おかあさん,okaasan,matka,"własna rodzina, nieformalnie"
UNKNOWN,HIRAGANA,お兄さん,,おにいさん,oniisan,starszy brat,"własna rodzina, nieformalnie"
UNKNOWN,HIRAGANA,お姉さん,,おねえさん,oneesan,starsza siostra,"własna rodzina, nieformalnie"
UNKNOWN,HIRAGANA,父,,ちち,chichi,ojciec,"własna rodzina, formalnie"
UNKNOWN,HIRAGANA,母,,はは,haha,matka,"własna rodzina, formalnie"
UNKNOWN,HIRAGANA,兄,,あに,ani,starszy brat,"własna rodzina, formalnie"
UNKNOWN,HIRAGANA,姉,,あね,ane,starsza siostra,"własna rodzina, formalnie"
UNKNOWN,HIRAGANA,弟,,おとうと,otouto,młodszy brat,własna rodzina
UNKNOWN,HIRAGANA,妹,,いもうと,imouto,młodsza siostra,własna rodzina
UNKNOWN,HIRAGANA,主人,,しゅじん,shujin,mąż,"własna rodzina, formalnie, s..."
UNKNOWN,HIRAGANA,夫,,おっと,otto,mąż,"własna rodzina, formalnie, o..."
UNKNOWN,HIRAGANA,家内,,かない,kanai,żona,"własna rodzina, formalnie, k..."
UNKNOWN,HIRAGANA,妻,,つま,tsuma,żona,"własna rodzina, formalnie, t..."
UNKNOWN,HIRAGANA,祖父,,そふ,sofu,dziadek,"własna rodzina, formalnie"
UNKNOWN,HIRAGANA,祖母,,そぼ,sobo,babcia,"własna rodzina, formalnie"
UNKNOWN,HIRAGANA,-,,おじいさん,ojiisan,dziadek,"własna rodzina, nieformalnie"
UNKNOWN,HIRAGANA,-,,おばあさん,obaasan,babcia,"własna rodzina, nieformalnie"
UNKNOWN,HIRAGANA,うちの子,,うちのこ,uchi no ko,dziecko,własna rodzina
UNKNOWN,HIRAGANA,銀行員,,ぎんこういん,ginkouin,pracownik banku,
UNKNOWN,HIRAGANA,員,,いん,in,... jakaś organizacja,
UNKNOWN,HIRAGANA,?,,しょうきょう,shoukyou,sytuacja,
UNKNOWN,HIRAGANA,兄妹,,きょうだい,kyoudai,rodzeństwo,
UNKNOWN,KATAKANA,-,,アパート,apaato,mieszkanie,
UNKNOWN,HIRAGANA,歌,,うた,uta,piosenka,
UNKNOWN,HIRAGANA,男の人,,おとこのひと,otoko no hito,mężczyzna,
UNKNOWN,HIRAGANA,女の人,,おんなのひと,onna no hito,kobieta,
UNKNOWN,HIRAGANA,会社,,かいしゃ,kaisha,firma,
UNKNOWN,HIRAGANA,家族,,かぞく,kazoku,rodzina,
UNKNOWN,HIRAGANA,国,,くに,kuni,kraj,
UNKNOWN,HIRAGANA,車,,くるま,kuruma,samochód,
UNKNOWN,KATAKANA,-,,コンビニ,konbini,kombini,
UNKNOWN,HIRAGANA,食堂,,しょくどう,shokudou,stołówka,
UNKNOWN,KATAKANA,-,,ティシェツ,Tishetsu,T-shirt,
UNKNOWN,HIRAGANA,眼鏡,,めがね,megane,okulary,
WORD_ADJECTIVE_I,HIRAGANA,頭がいい,,あたまがいい,atama ga ii,mądry,
WORD_ADJECTIVE_I,HIRAGANA,-,,かっこいい,kakko ii,dobrze wyglądający,
WORD_ADJECTIVE_I,HIRAGANA,可愛い,,かわいい,kawaii,milutki,
UNKNOWN,HIRAGANA,背,,せ,se,wzrost,
WORD_ADJECTIVE_I,HIRAGANA,背が高い,,せがたかい,se ga takai,wysoki,
WORD_ADJECTIVE_I,HIRAGANA,背が低い,,せがひくい,se ga hikui,niski,
WORD_ADJECTIVE_I,HIRAGANA,長い,,ながい,nagai,długi,
WORD_ADJECTIVE_I,HIRAGANA,速い,,はやい,hayai,szybki,
WORD_ADJECTIVE_I,HIRAGANA,短い,,みじかい,mijikai,krótki,
WORD_ADJECTIVE_NA,HIRAGANA,親切,,しんせつ,shinsetsu,miły,
WORD_ADJECTIVE_NA,HIRAGANA,便利,,べんり,benri,przydatny,
WORD_VERB_U,HIRAGANA,歌う,,うたう,utau,śpiewać,
WORD_VERB_U,HIRAGANA,-,,かぶる,kaburu,zakładać,na głowę
WORD_VERB_U,HIRAGANA,知る,,しる,shiru,wiedzieć,
WORD_VERB_TE,HIRAGANA,知っています,,しっています,shitte imasu,wiem,
WORD_VERB_U,HIRAGANA,知りません,,しりません,shirimasen,nie wiedzieć,~masen
WORD_VERB_U,HIRAGANA,に住む,,にすむ,ni sumu,mieszkać,
WORD_VERB_TE,HIRAGANA,に住んでいます,,にすんでいます,ni sunde imasu,mieszkać,
WORD_VERB_U,HIRAGANA,-,,はく,haku,zakładać,poniżej paska
WORD_VERB_U,HIRAGANA,太る,,ふとる,futoru,zyskiwać na wadze,
WORD_VERB_TE,HIRAGANA,太っています,,ふとっています,futotte imasu,być grubym,
WORD_VERB_RU,HIRAGANA,-,,めがねをかける,megane wo kakeru,zakładać okulary,
WORD_VERB_RU,HIRAGANA,着る,,きる,kiru,zakładać,powyżej paska
WORD_VERB_RU,HIRAGANA,に勤める,,につとめる,ni tsutomeru,pracować dla,niefizycznie
WORD_VERB_TE,HIRAGANA,に勤めています,,につとめています,ni tsutomete imasu,pracować dla,
WORD_VERB_RU,HIRAGANA,-,,やせる,yaseru,tracić na wadze,
WORD_VERB_TE,HIRAGANA,-,,やせています,yasete imasu,być chudym,
WORD_VERB_IRREGULAR,HIRAGANA,を結婚する,,をけっこんする,wo kekkon suru,żenić się,
UNKNOWN,HIRAGANA,-,,が,ga,ale,używane w tym samym zdaniu
UNKNOWN,HIRAGANA,何も,,なにも,nanimo,nic,+ forma negatywna
UNKNOWN,HIRAGANA,人,,にん,nin,ludzi,liczenie
UNKNOWN,HIRAGANA,別に,,べつに,betsuni,nieszczególnie,+ forma negatywna
UNKNOWN,HIRAGANA,-,,もちろん,mochiron,oczywiście,
UNKNOWN,HIRAGANA,-,,よかったら,yokattara,jeśli chcesz,
WORD_VERB_U,HIRAGANA,言う,,いう,iu,mówić,
UNKNOWN,HIRAGANA,箸置,,はしおき,hashioki,miejsce na pałeczki,
WORD_VERB_U,HIRAGANA,置く,,おく,oku,kłaść,
UNKNOWN,HIRAGANA,お皿,,おさら,osara,talerz,
WORD_VERB_U,HIRAGANA,を渡す,,をわたす,wo watasu,dawać,
UNKNOWN,HIRAGANA,?,,ふろさと,furosato,miasto rodzinne,
WORD_ADJECTIVE_I,HIRAGANA,白い,,しろい,shiroi,biały,
UNKNOWN,HIRAGANA,黒い,,くろい,kuroi,czarny,
UNKNOWN,HIRAGANA,赤い,,あかい,akai,czerwony,
UNKNOWN,HIRAGANA,青い,,あおい,aoi,niebieski,
UNKNOWN,HIRAGANA,黄色い,,きいろい,kiiroi,żółty,
UNKNOWN,HIRAGANA,色,,いろ,iro,kolor,
UNKNOWN,HIRAGANA,ピンク色の,,ピンクいろの,pinku iro no,różowy,
UNKNOWN,HIRAGANA,お茶,,おちゃいろの,ocha iro no,kolor herbaciany,
UNKNOWN,HIRAGANA,緑,,みどり,midori,zielony,
UNKNOWN,KATAKANA,-,,スカート,sukaato,spódnica,
UNKNOWN,KATAKANA,-,,ズボン,zubon,spodnie,
UNKNOWN,KATAKANA,-,,シャツ,shatsu,koszula,
UNKNOWN,KATAKANA,-,,せーター,seetaa,sweter,
UNKNOWN,KATAKANA,-,,トレーナー,toreenaa,bluza,
UNKNOWN,HIRAGANA,-,,あさって,asatte,po jutrze,
UNKNOWN,HIRAGANA,雨,,あめ,ame,deszcz,
UNKNOWN,HIRAGANA,会社員,,かいしゃいん,kaishain,pracownik biurowy,
UNKNOWN,KATAKANA,-,,カメラ,kamera,kamera,
UNKNOWN,KATAKANA,-,,カラオケ,karaoke,karaoke,
UNKNOWN,HIRAGANA,空気,,くうき,kuuki,powietrze,
UNKNOWN,HIRAGANA,今朝,,けさ,kesa,dzisiejszy poranek,
UNKNOWN,HIRAGANA,今月,,こんげつ,kongetsu,aktualny miesiąc,
UNKNOWN,HIRAGANA,仕事,,しごと,shigoto,praca,
UNKNOWN,HIRAGANA,大学生,,だいがくせい,daigakusei,student,
UNKNOWN,KATAKANA,-,,ディスコ,disuko,disco,
UNKNOWN,HIRAGANA,天気予報,,てんきよほう,tenkiyohou,prognoza pogody,
UNKNOWN,HIRAGANA,所,,ところ,tokoro,miejsce,
UNKNOWN,KATAKANA,-,,トマト,tomato,pomidor,
UNKNOWN,HIRAGANA,夏,,なつ,natsu,lato,
UNKNOWN,HIRAGANA,何か,,なにか,nanika,coś,
UNKNOWN,KATAKANA,-,,パーティー,paatii,party,
UNKNOWN,KATAKANA,-,,バーベキュウ,baabekyuu,grill,
UNKNOWN,HIRAGANA,-,,はし,hashi,pałeczki,
UNKNOWN,HIRAGANA,冬,,ふゆ,fuyu,zima,
UNKNOWN,KATAKANA,-,,ホーメステイ,hoomesutei,"pozostać w domu
żyć ze swoją lokalną rodziną",
UNKNOWN,HIRAGANA,毎週,,まいしゅう,maishuu,w każdym tygodniu,
UNKNOWN,HIRAGANA,来月,,らいげつ,raigetsu,następny miesiąc,
WORD_ADJECTIVE_NA,HIRAGANA,が上手,,がじょうず,ga jouzu,dobry w,
WORD_ADJECTIVE_NA,HIRAGANA,が下手,,がへた,ga heta,słaby w,
WORD_ADJECTIVE_NA,HIRAGANA,有名,,ゆうめい,yuumei,sławny,
WORD_VERB_U,HIRAGANA,雨が降る,,あめがふる,ame ga furu,pada deszcz,
WORD_VERB_U,HIRAGANA,洗う,,あらう,arau,myć,
WORD_VERB_U,HIRAGANA,言う,,いう,iu,mówić,
WORD_VERB_U,HIRAGANA,-,,がいる,ga iru,potrzebować,
WORD_VERB_U,HIRAGANA,遅くなる,,におそくなる,ni osokunaru,być spóźniony,na
WORD_VERB_U,HIRAGANA,思う,,おもう,omou,myśleć,
WORD_VERB_U,HIRAGANA,切る,,きる,kiru,ciąć,
WORD_VERB_U,HIRAGANA,作る,,つくる,tsukuru,tworzyć,
WORD_VERB_U,HIRAGANA,持っていく,,もっていく,motte iku,brać,coś
WORD_VERB_RU,HIRAGANA,をじろじろ見る,,をじろじろみる,wo jirojiro miru,spojrzeć,
WORD_VERB_RU,HIRAGANA,を始める,,をはじめる,wo hajimeru,zaczynać,czasownik nieprzechodni
WORD_VERB_IRREGULAR,HIRAGANA,を運転する,,をうんてんする,wo unten suru,prowadzić,
WORD_VERB_IRREGULAR,HIRAGANA,洗濯する,,せんたくする,sentaku suru,robić pranie,
WORD_VERB_IRREGULAR,HIRAGANA,掃除する,,そうじする,souji suru,czyścić,
WORD_VERB_IRREGULAR,HIRAGANA,料理する,,りょうりする,ryouri suru,gotować,
UNKNOWN,HIRAGANA,-,,ううん,uun,nie,u...
UNKNOWN,HIRAGANA,-,,うん,un,tak,u...
UNKNOWN,HIRAGANA,乾杯,,かんぱい,kanpai,na zdrowie,toast
UNKNOWN,HIRAGANA,残念,,ざんねん,zannen,"trudno
szkoda",... desu ne
UNKNOWN,HIRAGANA,-,,まだ,mada,jeszcze nie,+ forma negatywna
UNKNOWN,HIRAGANA,-,,みんな,minna,wszyscy,
UNKNOWN,HIRAGANA,何か,,なにか,nanika,coś,
UNKNOWN,HIRAGANA,-,,だれか,dareka,ktoś,
UNKNOWN,HIRAGANA,-,,どれか,doreka,któryś,
UNKNOWN,HIRAGANA,-,,どこか,dokoka,gdzieś,
UNKNOWN,HIRAGANA,何も,,なにも,nanimo,nic,
UNKNOWN,HIRAGANA,-,,だれも,daremo,nikt,
UNKNOWN,HIRAGANA,-,,どれも,doremo,żaden,
UNKNOWN,HIRAGANA,-,,どこも,dokomo,nigdzie,
UNKNOWN,HIRAGANA,-,,について,nitsuite,o czymś,
UNKNOWN,HIRAGANA,疲れている,,つかれている,tsukarete iru,być zmęczony,
UNKNOWN,HIRAGANA,-,,まず,mazu,pierwszy,
UNKNOWN,HIRAGANA,答える,,こたえる,kotaeru,odpowiadać,
UNKNOWN,HIRAGANA,次に,,つぎに,tsugini,drugi,
UNKNOWN,HIRAGANA,最後に,,さいごに,saigoni,ostatni,
UNKNOWN,HIRAGANA,いい子,,いいこ,iiko,dobre dziecko,
UNKNOWN,HIRAGANA,色,,いろ,iro,kolor,
UNKNOWN,HIRAGANA,お弁当,,おべんとう,obentou,pudełko na jedzenie,
UNKNOWN,HIRAGANA,温泉,,おんせん,onsen,gorące źródło,
UNKNOWN,HIRAGANA,-,,かぶき,kabuki,Kabuki,tradycyjny Japoński teatr
UNKNOWN,KATAKANA,-,,ギター,gitaa,gitara,
UNKNOWN,HIRAGANA,薬,,くすり,kusuri,lekarstwo,
UNKNOWN,HIRAGANA,薬を飲む,,くすりをのむ,kusuri wo nomu,brać lekarstwo,
UNKNOWN,KATAKANA,-,,コンせート,konseeto,koncert,
UNKNOWN,HIRAGANA,今度,,こんど,kondo,następnym razem,
UNKNOWN,HIRAGANA,作文,,さくぶん,sakubun,wypracowanie,
UNKNOWN,HIRAGANA,試験,,しけん,shiken,egzamin,
UNKNOWN,HIRAGANA,新幹線,,しんかんせん,shinkansen,shinkansen,szybka kolej
UNKNOWN,KATAKANA,-,,スキー,sukii,narty,
UNKNOWN,HIRAGANA,先月,,せんげつ,sengetsu,poprzedni miesiąc,
UNKNOWN,HIRAGANA,単語,,たんご,tango,słownictwo,
UNKNOWN,KATAKANA,-,,ピアノ,piano,pianino,
UNKNOWN,HIRAGANA,病気,,びょうき,byouki,choroba,
WORD_ADJECTIVE_I,HIRAGANA,青い,,あおい,aoi,niebieski,
WORD_ADJECTIVE_I,HIRAGANA,赤い,,あかい,akai,czerwony,
WORD_ADJECTIVE_I,HIRAGANA,黒い,,くろい,kuroi,czarny,
WORD_ADJECTIVE_I,HIRAGANA,寂しい,,さびしい,sabishii,samotny,
WORD_ADJECTIVE_I,HIRAGANA,白い,,しろい,shiroi,biały,
WORD_ADJECTIVE_I,HIRAGANA,若い,,わかい,wakai,młody,
WORD_ADJECTIVE_NA,HIRAGANA,意地悪,,いじわる,ijiwaru,złośliwy,
WORD_VERB_U,HIRAGANA,踊る,,おどる,odoru,tańczyć,
WORD_VERB_U,HIRAGANA,が終わる,,がおわる,ga owaru,kończyć,coś
WORD_VERB_U,HIRAGANA,人気がある,,にんきがある,ninki ga aru,być popularny,
WORD_VERB_U,HIRAGANA,が始まる,,がはじまる,ga hajimaru,zaczynać się,"coś, czasownik przechodni"
WORD_VERB_U,HIRAGANA,弾く,,ひく,hiku,grać,instrument klawiszowy
WORD_VERB_U,HIRAGANA,敲く,,たたく,tataku,grać,na bębnie
WORD_VERB_U,HIRAGANA,?,,ふく,fuku,grać,instrument dmuchany
WORD_VERB_U,HIRAGANA,-,,をもらう,wo morau,dostać,"coś, osoba ni rzecz"
WORD_VERB_RU,HIRAGANA,覚える,,おぼえる,oboeru,zapamiętać,
WORD_VERB_RU,HIRAGANA,に出る,,にでる,ni deru,pojawić się,
WORD_VERB_RU,HIRAGANA,を出る,,をでる,wo deru,wychodzić,
WORD_VERB_IRREGULAR,HIRAGANA,運動する,,うんどうする,undou suru,ćwiczenia,fizyczne
WORD_VERB_IRREGULAR,HIRAGANA,散歩する,,さんぽする,sanpo suru,spacerować,
UNKNOWN,HIRAGANA,-,,から,kara,od,
UNKNOWN,HIRAGANA,是非,,ぜひ,zehi,koniecznie,
UNKNOWN,HIRAGANA,-,,ところで,tokorode,przy okazji,
UNKNOWN,HIRAGANA,-,,みんな,minna,wszyscy,
UNKNOWN,HIRAGANA,-,,もう,mou,już,
UNKNOWN,HIRAGANA,-,,まだ,mada,jeszcze,
UNKNOWN,HIRAGANA,一つ,,ひとつ,hitotsu,jeden,"liczby, liczenie małych przedmiotów"
UNKNOWN,HIRAGANA,二つ,,ふたつ,futatsu,dwa,"liczby, liczenie małych przedmiotów"
UNKNOWN,HIRAGANA,三つ,,みっつ,mittsu,trzy,"liczby, liczenie małych przedmiotów"
UNKNOWN,HIRAGANA,四つ,,よっつ,yottsu,cztery,"liczby, liczenie małych przedmiotów"
UNKNOWN,HIRAGANA,五つ,,いつつ,itsutsu,pięć,"liczby, liczenie małych przedmiotów"
UNKNOWN,HIRAGANA,六つ,,むっつ,muttsu,sześć,"liczby, liczenie małych przedmiotów"
UNKNOWN,HIRAGANA,七つ,,ななつ,nanatsu,siedem,"liczby, liczenie małych przedmiotów"
UNKNOWN,HIRAGANA,八つ,,やっつ,yattsu,osiem,"liczby, liczenie małych przedmiotów"
UNKNOWN,HIRAGANA,九つ,,ここのつ,kokonotsu,dziewięć,"liczby, liczenie małych przedmiotów"
UNKNOWN,HIRAGANA,十,,とお,too,dziesięć,"liczby, liczenie małych przedmiotów"
UNKNOWN,HIRAGANA,-,,そして,soshite,następnie,
UNKNOWN,HIRAGANA,-,,それから,sorekara,no i,
UNKNOWN,HIRAGANA,図書館,,としょかん,toshokan,biblioteka,w budynku
UNKNOWN,HIRAGANA,図書室,,としょしつ,toshoshitsu,biblioteka,w sali
WORD_ADJECTIVE_I,HIRAGANA,黄色い,,きいろい,kiiroi,żółty,
WORD_ADJECTIVE_I,HIRAGANA,茶色い,,ちゃいろい,chairoi,brązowy,
WORD_ADJECTIVE_NA,HIRAGANA,緑,,みどり,midori,zielony,
WORD_ADJECTIVE_NA,HIRAGANA,灰色,,はいいろ,haiiro,szary,
WORD_ADJECTIVE_NA,KATAKANA,-,,ピンク,pinku,różowy,
WORD_ADJECTIVE_NA,HIRAGANA,銀色,,ぎんいろ,gin'iro,srebrny,
WORD_ADJECTIVE_NA,HIRAGANA,紫,,むらさき,murasaki,fioletowy,
WORD_ADJECTIVE_NA,HIRAGANA,水色,,みずいろ,mizuiro,jasno niebieski,
WORD_ADJECTIVE_NA,HIRAGANA,金色,,きんいろ,kin'iro,złoty,
UNKNOWN,HIRAGANA,日記,,にっき,nikki,pamiętnik,
UNKNOWN,HIRAGANA,午前中,,ごぜんちゅう,gozenchuu,przed południem,
UNKNOWN,KATAKANA,-,,ホストファミリー,hosutofamirii,rodzina goszcząca,
UNKNOWN,HIRAGANA,-,,ごちそう,gochisou,dobre jedzenie,
WORD_ADJECTIVE_NA,HIRAGANA,-,,いろいろ,iroiro,różne,
UNKNOWN,HIRAGANA,話をする,,はなしをする,hanashi wo suru,rozmawiać,
UNKNOWN,HIRAGANA,秋,,あき,aki,jesień,
UNKNOWN,HIRAGANA,医者,,いしゃ,isha,lekarz,
UNKNOWN,HIRAGANA,駅,,えき,eki,stacja,
UNKNOWN,HIRAGANA,お金持ち,,おかねもち,okanemochi,bogaty człowiek,
UNKNOWN,HIRAGANA,顔,,かお,kao,twarz,
UNKNOWN,HIRAGANA,季節,,きせつ,kisetsu,sezon,
UNKNOWN,KATAKANA,-,,クレジットカード,kurejitto kaado,karta kredytowa,
UNKNOWN,HIRAGANA,今年,,ことし,kotoshi,aktualny rok,
UNKNOWN,KATAKANA,-,,サッカー,sakkaa,piłka nożna,
UNKNOWN,KATAKANA,-,,シャツ,shatsu,koszula,
UNKNOWN,HIRAGANA,生活,,せいかつ,seikatsu,życie,
UNKNOWN,HIRAGANA,世界,,せかい,sekai,świat,
UNKNOWN,HIRAGANA,地下鉄,,ちかてつ,chikatetsu,metro,
UNKNOWN,HIRAGANA,手袋,,てぶくろ,tebukuro,rękawiczki,
UNKNOWN,HIRAGANA,床や,,とこや,tokoya,fryzjer,męski
UNKNOWN,HIRAGANA,春,,はる,haru,wiosna,
UNKNOWN,KATAKANA,-,,パンツ,pantsu,majtki,
UNKNOWN,HIRAGANA,美容院,,びよういん,biyouin,fryzjer,damski
UNKNOWN,HIRAGANA,便,,びん,bin,lot,
UNKNOWN,HIRAGANA,船,,ふね,fune,statek,
UNKNOWN,HIRAGANA,野球,,やきゅう,yakyuu,baseball,
UNKNOWN,HIRAGANA,有名人,,ゆうめいじん,yuumeijin,celebryta,
UNKNOWN,HIRAGANA,予約,,よやく,yoyaku,rezerwacja,
UNKNOWN,HIRAGANA,来学期,,らいがっき,raigakki,następny semestr,
UNKNOWN,HIRAGANA,-,,りんご,ringo,jabłko,
WORD_ADJECTIVE_I,HIRAGANA,暖かい,,あたたかい,atatakai,ciepło,
WORD_ADJECTIVE_I,HIRAGANA,遅い,,おそい,osoi,"powoli
spóźniony",
WORD_ADJECTIVE_I,HIRAGANA,涼しい,,すずしい,suzushii,zimny,tylko do pogody
WORD_ADJECTIVE_I,HIRAGANA,冷たい,,つめたい,tsumetai,zimny,do ludzi/rzeczy
WORD_ADJECTIVE_I,HIRAGANA,眠い,,ねむい,nemui,śpiący,
WORD_ADJECTIVE_NA,HIRAGANA,簡単,,かんたん,kantan,łatwy,
WORD_VERB_U,HIRAGANA,-,,かかる,kakaru,zajmować,"czas/pieniądze, bez partykuły"
WORD_VERB_U,HIRAGANA,に泊まる,,にとまる,ni tomaru,zostać,w hotelu i etc
WORD_VERB_U,HIRAGANA,-,,なる,naru,stawać się,
WORD_VERB_U,HIRAGANA,払う,,はらう,harau,płacić,
WORD_VERB_RU,HIRAGANA,決める,,きめる,kimeru,decydować,
WORD_VERB_IRREGULAR,HIRAGANA,練習する,,れんしゅうする,renshuu suru,ćwiczyć,praktykować
UNKNOWN,HIRAGANA,歩いて,,あるいて,aruite,piechotą,
UNKNOWN,HIRAGANA,一番,,いちばん,ichiban,najlepszy,
UNKNOWN,HIRAGANA,-,,か,ka,albo,"~ x ~, wyrażenie"
UNKNOWN,HIRAGANA,花月,,かげつ,kagetsu,przez ... miesięcy,
UNKNOWN,HIRAGANA,後,,ご,go,"w ... czasie, po ...",
UNKNOWN,HIRAGANA,-,,このごろ,konogoro,te dni,
UNKNOWN,HIRAGANA,週間,,しゅうかん,shuukan,tygodnie,przedział czasu
UNKNOWN,HIRAGANA,-,,で,de,czym,"partykuła, metoda transportu, czym"
UNKNOWN,HIRAGANA,-,,どうやって,douyatte,jak,
UNKNOWN,HIRAGANA,-,,どちら,dochira,które,bardziej uprzejme
UNKNOWN,HIRAGANA,-,,どっち,docchi,które,mniej uprzejme
UNKNOWN,HIRAGANA,-,,どのぐらい,donogurai,"jak wiele
jak długo",
UNKNOWN,HIRAGANA,年,,ねん,nen,lata,
UNKNOWN,HIRAGANA,早く,,はやく,hayaku,"wcześnie
szybko",zrobić coś
UNKNOWN,HIRAGANA,-,,つもりです,tsumori desu,mam zamiar,+ czasownik w formie prostej
WORD_VERB_U,HIRAGANA,歩いて行く,,あるいていく,aruite iku,iść na piechotę,
UNKNOWN,HIRAGANA,交番,,こうばん,kouban,posterunek policji,
UNKNOWN,HIRAGANA,お巡り,,おまわり,omawari,policjant,patrolujący ulice
WORD_VERB_U,HIRAGANA,を上がる,,をあがる,wo agaru,iść pod górę,
UNKNOWN,HIRAGANA,階段,,かいだん,kaidan,schody,
WORD_VERB_U,HIRAGANA,を下りる,,をおりる,wo oriru,schodzić,
UNKNOWN,HIRAGANA,駐車場,,ちゅうしゃじょう,chuushajou,parking,
WORD_VERB_U,HIRAGANA,学ぶ,,まなぶ,manabu,uczyć się,ogólnie
WORD_VERB_U,HIRAGANA,習う,,ならう,narau,uczyć się,czegoś praktycznego
UNKNOWN,HIRAGANA,-,,むかしむかし,mukashimukashi,"dawno, dawno temu",
UNKNOWN,HIRAGANA,-,,かき,kaki,bambusowy kapelusz,
UNKNOWN,HIRAGANA,-,,おもち,omochi,ciastko ryżowe,
WORD_ADJECTIVE_I,HIRAGANA,-,,かなしい,kanashii,smutny,
UNKNOWN,HIRAGANA,山道,,やまみち,yamamichi,górska droga,
WORD_VERB_RU,HIRAGANA,-,,をぶせる,wo buseru,"zakładać (czapkę) na kogoś głowę, ~ ni ~",
UNKNOWN,HIRAGANA,地蔵,,じぞう,jizou,"opiekun
bóstwo dzieci",
WORD_VERB_U,HIRAGANA,-,,とる,toru,zdejmować,
UNKNOWN,HIRAGANA,-,,いいこと,iikoto,dobry uczynek,
UNKNOWN,HIRAGANA,声,,こえ,koe,głos,
UNKNOWN,HIRAGANA,戸,,と,to,drzwi,
WORD_VERB_IRREGULAR,HIRAGANA,-,,びっくりする,bikkuri suru,być zaskoczony,
WORD_ADJECTIVE_NA,HIRAGANA,-,,しあわせ,shiawase,szczęśliwy,
UNKNOWN,KATAKANA,-,,オーストラリア,oosutoraria,Australia,
UNKNOWN,HIRAGANA,お菓子,,おかし,okashi,przekąski,
UNKNOWN,HIRAGANA,お正月,,おしょうがつ,oshougatsu,Nowy Rok,dosł: właściwy miesiąc
UNKNOWN,HIRAGANA,男の子,,おとこのこ,otoko no ko,chłopczyk,
UNKNOWN,HIRAGANA,-,,おもちゃ,omocha,zabawka,
UNKNOWN,HIRAGANA,女の子,,おんなのこ,onna no ko,dziewczynka,
UNKNOWN,HIRAGANA,外国,,がいこく,gaikoku,zagraniczny kraj,
UNKNOWN,HIRAGANA,歌手,,かしゅ,kashu,piosenkarz,
UNKNOWN,KATAKANA,-,,キャンプ,kyanpu,obóz,
UNKNOWN,HIRAGANA,-,,こちら,kochira,ta osoba,uprzejmie
UNKNOWN,HIRAGANA,今学期,,こんがっき,kongakki,aktualny semestr,
UNKNOWN,HIRAGANA,社長,,しゃちょう,shachou,prezes,firmy
UNKNOWN,HIRAGANA,授業,,じゅぎょう,jugyou,"wykład
zajęcia",
UNKNOWN,HIRAGANA,将来,,しょうらい,shourai,przyszłość,
UNKNOWN,KATAKANA,-,,ドライブ,doraibu,przejażdżka,
UNKNOWN,KATAKANA,-,,ビール,biiru,piwo,
UNKNOWN,HIRAGANA,美術館,,びじゅつかん,bijutsukan,muzeum,artystyczne
UNKNOWN,KATAKANA,-,,ホーメステイ,hoomesutei,"pozostać w domu
żyć ze swoją lokalną rodziną",
UNKNOWN,HIRAGANA,湖,,みずうみ,mizuumi,jezioro,
UNKNOWN,HIRAGANA,山,,やま,yama,góra,
UNKNOWN,HIRAGANA,夢,,ゆめ,yume,marzenie,
UNKNOWN,KATAKANA,-,,ルウメメート,ruumemeeto,współlokator,
WORD_VERB_U,HIRAGANA,-,,うそをつく,uso wo tsuku,kłamać,
WORD_VERB_U,HIRAGANA,-,,おなかがすく,onakagasuku,być głodnym,
WORD_VERB_U,HIRAGANA,飼う,,かう,kau,posiadać,zwierzaka
WORD_VERB_U,KATAKANA,-,,サボる,saboru,opuszczać zajęcia,
WORD_VERB_U,HIRAGANA,取る,,とる,toru,zdać do następnej klasy,
WORD_VERB_U,HIRAGANA,習う,,ならう,narau,uczyć się,czegoś praktycznego
WORD_VERB_U,HIRAGANA,に登る,,にのぼる,ni noboru,wspinać się,
WORD_VERB_U,HIRAGANA,働く,,はたらく,hataraku,pracować,h...
WORD_VERB_IRREGULAR,HIRAGANA,仕事をする,,しごとをする,shigoto wo suru,pracować,s...
WORD_VERB_RU,HIRAGANA,に勤める,,につとめる,ni tsutomeru,pracować dla,
WORD_VERB_RU,HIRAGANA,疲れる,,つかれる,tsukareru,być zmęczony,
WORD_VERB_RU,HIRAGANA,-,,やめる,yameru,rezygnować,
WORD_VERB_IRREGULAR,HIRAGANA,-,,けんかする,kenka suru,pokłócić się,
WORD_VERB_IRREGULAR,KATAKANA,を紹介する,,ヲショウカイスル,wo shoukai suru,przedstawiać,"kogoś ni kto ~, hiragana i katakana"
WORD_VERB_IRREGULAR,HIRAGANA,-,,ダイエットする,daietto suru,być na diecie,
WORD_VERB_IRREGULAR,HIRAGANA,遅刻する,,ちこくする,chikoku suru,być spóźniony,
WORD_VERB_IRREGULAR,HIRAGANA,に留学する,,にりゅうがくする,ni ryuugaku suru,studiować za granicą,
UNKNOWN,HIRAGANA,後,,あと,ato,po,zdarzenie no
UNKNOWN,HIRAGANA,出身,,しゅっしん,shusshin,miejsce pochodzenia,miejsce no
UNKNOWN,HIRAGANA,-,,すごく,sugoku,bardzo,
UNKNOWN,HIRAGANA,-,,そして,soshite,następnie,
UNKNOWN,HIRAGANA,-,,だけ,dake,"właśnie
tylko",~
UNKNOWN,HIRAGANA,点,,てん,ten,punkty,~
UNKNOWN,HIRAGANA,久しぶり,,ひさしぶり,hisashiburi,długi okres czasu,
UNKNOWN,HIRAGANA,-,,まあまあ,maamaa,tak sobie,
UNKNOWN,HIRAGANA,-,,もっと,motto,"więcej
bardziej",
UNKNOWN,HIRAGANA,作家,,さっか,sakka,pisarz,
UNKNOWN,HIRAGANA,警察官,,けいさつかん,keisatsukan,policjant,
UNKNOWN,HIRAGANA,俳優,,はいゆう,haiyuu,aktor,
UNKNOWN,HIRAGANA,看護師,,かんごし,kangoshi,pielęgniarka,
UNKNOWN,HIRAGANA,弁護士,,べんごし,bengoshi,prawnik,
UNKNOWN,HIRAGANA,野球選手,,やきゅうせんしゅ,yakyuusenshu,gracz baseball'a,
UNKNOWN,HIRAGANA,大統領,,だいとうりょう,daitouryou,prezydent,
UNKNOWN,KATAKANA,-,,ジャーナリスト,jaanarisuto,dziennikarz,
UNKNOWN,HIRAGANA,主婦,,しゅふ,shufu,pani domu,
UNKNOWN,HIRAGANA,女優,,じょゆう,joyuu,aktorka,
UNKNOWN,HIRAGANA,消防士,,しょうぼうし,shouboushi,strażak,
UNKNOWN,HIRAGANA,-,,なるほど,naruhodo,"racja
zgadza się",
WORD_VERB_RU,HIRAGANA,助ける,,たすける,tasukeru,pomagać,
WORD_VERB_TE,HIRAGANA,助けて,,たすけて,tasukete,pomocy,
WORD_VERB_RU,HIRAGANA,見せる,,みせる,miseru,pokazywać,
UNKNOWN,HIRAGANA,-,,けど,kedo,ale,k...
UNKNOWN,HIRAGANA,犯人,,はんにん,hannin,przestępca,
WORD_VERB_RU,HIRAGANA,が見える,,がみえる,ga mieru,oglądać,czasownik przechodni
WORD_VERB_RU,HIRAGANA,終える,,おえる,oeru,kończyć się,czasownik przechodni
UNKNOWN,HIRAGANA,-,,しめきり,shimekiri,ostateczny termin,
UNKNOWN,HIRAGANA,意味,,いみ,imi,znaczenie,
UNKNOWN,HIRAGANA,発音,,はつおん,hatsuon,wymowa,
UNKNOWN,HIRAGANA,文房,,ぶんぼう,bunbou,gramatyka,
UNKNOWN,HIRAGANA,質問,,しつもん,shitsumon,pytanie,
UNKNOWN,HIRAGANA,答,,こたえ,kotae,odpowiedź,
UNKNOWN,HIRAGANA,例,,れい,rei,przykład,
UNKNOWN,HIRAGANA,-,,かっこ,kakko,nawias,
UNKNOWN,HIRAGANA,◯,,まる,maru,prawidłowo,
UNKNOWN,HIRAGANA,X,,ばつ,batsu,źle,
UNKNOWN,HIRAGANA,くだけた言い方,,くだけたいいかた,kudaketa ii kata,wyrażenie kolokwialne,
UNKNOWN,HIRAGANA,かたい言い方,,かたいいいかた,katai ii kata,wyrażenie książkowe,
UNKNOWN,HIRAGANA,ていねいな言い方,,ていねいないいかた,teinei na ii kata,zwrot grzecznościowy,
UNKNOWN,HIRAGANA,方言,,ほうげん,hougen,dialekt,
UNKNOWN,HIRAGANA,標準語,,ひょうじゅんご,hyoujungo,standardowy Japoński,
UNKNOWN,HIRAGANA,-,,たとえば,tatoeba,na przykład,
UNKNOWN,HIRAGANA,-,,ほかに,hokani,coś innego,
UNKNOWN,HIRAGANA,〜番,,ばん,ban,numer,
UNKNOWN,HIRAGANA,-,,ページ,peeji,numer strony,~
UNKNOWN,HIRAGANA,〜行目,,ぎょうめ,gyoume,numer linii,~
UNKNOWN,HIRAGANA,二人ずつ,,ふたりずつ,futarizutsu,dla każdych dwóch osób,
