BEGIN,1380410,,,,,,,,,
KANJI,1380410,聖母,,"news2
nf28
spec2",,,,,,
READING,1380410,HIRAGANA,せいぼ,seibo,-,,,"news2
nf28
spec2",,
SENSE_COMMON,1380410,,,noun (common) (futsuumeishi),,,,,,
SENSE_ENG,1380410,mother of a holy person,,,,,,,,
SENSE_POL,1380410,matka świętej osoby,,,,,,,,
SENSE_COMMON,1380410,,,noun (common) (futsuumeishi),,,Christianity,,,
SENSE_ENG,1380410,"Holy Mother
Virgin Mary
Our Lady",,,,,,,,
SENSE_POL,1380410,"Matka Boska
Dziewica Maryja",,,,,,,,
END,1380410,,,,,,,,,
,,,,,,,,,,
,,,,,,,,,,
BEGIN,1019420,,,,,,,,,
READING,1019420,KATAKANA,アルバイト,arubaito,-,,,"gai1
ichi1",,
SENSE_COMMON,1019420,,,"noun (common) (futsuumeishi)
noun or participle which takes the aux. verb suru
intransitive verb",,,,,-|-|ger|Arbeit,
SENSE_ENG,1019420,"part-time job
side job",,,,,,,,
SENSE_POL,1019420,"praca dorywcza
praca na pół etatu
praca w niepełnym wymiarze godzin
dodatkowa praca",,,,,,,,
SENSE_COMMON,1019420,,,noun (common) (futsuumeishi),,,,,,
SENSE_ENG,1019420,part-time worker,,,,,,,,
SENSE_POL,1019420,pracownik zatrudniony na niepełnym etacie,,,,,,,,
END,1019420,,,,,,,,,
,,,,,,,,,,
,,,,,,,,,,
BEGIN,2855080,,,,,,,,,
READING,2855080,KATAKANA,アルバイト,arubaito,-,,,,,
SENSE_COMMON,2855080,,,noun (common) (futsuumeishi),曹長石,,,,,
SENSE_ENG,2855080,albite,,,,,,,,
SENSE_POL,2855080,albit,ang: albite,,,,,,,
END,2855080,,,,,,,,,
,,,,,,,,,,
,,,,,,,,,,
BEGIN,1923050,,,,,,,,,
READING,1923050,KATAKANA,アルサロ,aru saro,-,,,,,
SENSE_COMMON,1923050,,,noun (common) (futsuumeishi),,,,abbreviation,,
SENSE_ENG,1923050,"""""""salon"""" where the hostesses are supposedly part-timers with other jobs""",from アルバイト and salon,,,,,,,
SENSE_POL,1923050,"salon piękności
salon fryzjerski",od アルバイト i salon,,,,,,,
END,1923050,,,,,,,,,
,,,,,,,,,,
,,,,,,,,,,
BEGIN,2827110,,,,,,,,,
READING,2827110,KATAKANA,ブラックバイト,burakkubaito,-,,,,,
SENSE_COMMON,2827110,,,noun (common) (futsuumeishi),サービス残業・サービスざんぎょう,,,abbreviation,,
SENSE_ENG,2827110,forced unpaid part-time work (e.g. must work until sales quota is reached),from ブラック企業 and アルバイト,,,,,,,
SENSE_POL,2827110,"nielegalna praca dorywcza
wyzyskująca praca dorywcza","np. konieczność pracy do momentu osiągnięcia limitu sprzedaży), od ブラック企業 i アルバイト",,,,,,,
END,2827110,,,,,,,,,
,,,,,,,,,,
,,,,,,,,,,
BEGIN,2827111,,,,,,,,,
READING,2827111,KATAKANA,サービスバイト,saabi subaito,-,,,,,
SENSE_COMMON,2827111,,,noun (common) (futsuumeishi),,,,colloquial,,
SENSE_ENG,2827111,unpaid overtime by part-timers,from サービス残業 and アルバイト,,,,,,,
SENSE_POL,2827111,praca dorywcza w usługach,od サービス残業 i アルバイト,,,,,,,
END,2827111,,,,,,,,,
,,,,,,,,,,
,,,,,,,,,,
BEGIN,2828304,,,,,,,,,
READING,2828304,KATAKANA,ボラバイト,borabaito,-,,,,,
SENSE_COMMON,2828304,,,noun (common) (futsuumeishi),,,,abbreviation,,
SENSE_ENG,2828304,"paid volunteer work (e.g. on a farm)
work which is not done primarily to earn money",from ボランティア and アルバイト,,,,,,,
SENSE_POL,2828304,"wolontariat ochotniczy
praca, która nie jest wykonywana głównie w celu zarobienia pieniędzy",od ボランティア i アルバイト,,,,,,,
END,2828304,,,,,,,,,
,,,,,,,,,,
,,,,,,,,,,
BEGIN,1401220,,,,,,,,,
KANJI,1401220,相槌,,ichi1,,,,,,
KANJI,1401220,相づち,,"news2
nf36",,,,,,
KANJI,1401220,相鎚,rarely used kanji form,,,,,,,
KANJI,1401220,合槌,search-only kanji form,,,,,,,
KANJI,1401220,合づち,search-only kanji form,,,,,,,
KANJI,1401220,合鎚,search-only kanji form,,,,,,,
READING,1401220,HIRAGANA,あいづち,aiduchi,-,,,"ichi1
news2
nf36",,
READING,1401220,HIRAGANA,あいずち,aizuchi,-,,search-only kana form,,,
SENSE_COMMON,1401220,,,noun (common) (futsuumeishi),,,,,,
SENSE_ENG,1401220,"aizuchi
backchanneling
interjections indicating that one is paying attention|expl",,,,,,,,
SENSE_POL,1401220,"przytakiwanie
okazywanie uwagi w rozmowie",,,,,,,,
SENSE_COMMON,1401220,,,noun (common) (futsuumeishi),向こう鎚・1,,,,,
SENSE_ENG,1401220,two smiths hammering at an object in turn,,,,,,,,
SENSE_POL,1401220,dwaj kowale uderzający młotkiem w jeden przedmiot,,,,,,,,
END,1401220,,,,,,,,,
,,,,,,,,,,
,,,,,,,,,,
BEGIN,1382430,,,,,,,,,
KANJI,1382430,昔話,,"ichi1
news1
nf21",,,,,,
KANJI,1382430,昔ばなし,search-only kanji form,,,,,,,
KANJI,1382430,むかし話,search-only kanji form,,,,,,,
READING,1382430,HIRAGANA,むかしばなし,mukashi banashi,-,,,"ichi1
news1
nf21",,
SENSE_COMMON,1382430,,,noun (common) (futsuumeishi),,,,,,
SENSE_ENG,1382430,"old tale
folk tale
legend",,,,,,,,
SENSE_POL,1382430,"bajka
legenda
stara opowieść
podanie ludowe",,,,,,,,
SENSE_COMMON,1382430,,,noun (common) (futsuumeishi),,,,,,
SENSE_ENG,1382430,reminiscence,,,,,,,,
SENSE_POL,1382430,"wspomnienia z przeszłości
wspominki
""stare dzieje""",,,,,,,,
END,1382430,,,,,,,,,
,,,,,,,,,,
,,,,,,,,,,
BEGIN,2144670,,,,,,,,,
KANJI,2144670,防犯カメラ,,spec1,,,,,,
READING,2144670,HIRAGANA_KATAKANA,ぼうはんカメラ,bouhan kamera,-,,,spec1,,
SENSE_COMMON,2144670,,,noun (common) (futsuumeishi),,,,,,
SENSE_ENG,2144670,security camera,,,,,,,,
SENSE_POL,2144670,"kamera bezpieczeństwa
kamera monitoringu
pot. monitoring",,,,,,,,
END,2144670,,,,,,,,,
,,,,,,,,,,
,,,,,,,,,,
BEGIN,1782330,,,,,,,,,
KANJI,1782330,絵解き,,"news2
nf45",,,,,,
KANJI,1782330,絵とき,,spec2,,,,,,
READING,1782330,HIRAGANA,えとき,e toki,-,,,"news2
nf45
spec2",,
SENSE_COMMON,1782330,,,"noun (common) (futsuumeishi)
noun or participle which takes the aux. verb suru
transitive verb",,,,,,
SENSE_ENG,1782330,explanation of a picture,,,,,,,,
SENSE_POL,1782330,"wyjaśnienie obrazu/rysunku
interpretacja obrazu",,,,,,,,
SENSE_COMMON,1782330,,,"noun (common) (futsuumeishi)
noun or participle which takes the aux. verb suru
transitive verb",,,,,,
SENSE_ENG,1782330,explanation by means of pictures,,,,,,,,
SENSE_POL,1782330,"opowiadanie z użyciem ilustracji
narracja z ilustracjami","tradycyjna japońska praktyka opowiadania historii za pomocą obrazów lub zwojów ilustrowanych, często o tematyce religijnej, moralnej lub historycznej",,,,,,,
SENSE_COMMON,1782330,,,"noun (common) (futsuumeishi)
noun or participle which takes the aux. verb suru
transitive verb",,,,,,
SENSE_ENG,1782330,"explanation (of an incident, one's reasoning, etc.)
unravelling (a mystery)
clearing up
solving",,,,,,,,
SENSE_POL,1782330,"wyjaśnienie (zdarzenia, rozumowania itp.)
rozwikłanie (zagadka)
rozwiązywanie",,,,,,,,
END,1782330,,,,,,,,,
,,,,,,,,,,
,,,,,,,,,,
BEGIN,1058910,,,,,,,,,
READING,1058910,KATAKANA,ザーザー,zaa zaa,-,,,,,
READING,1058910,HIRAGANA_KATAKANA,ざーざー,zaa zaa,-,,,,,
READING,1058910,HIRAGANA,ざあざあ,zaa zaa,-,,,,,
SENSE_COMMON,1058910,,,"adverb (fukushi)
adverb taking the 'to' particle",,,,onomatopoeic or mimetic word,,
SENSE_ENG,1058910,"(raining) heavily
(water rushing) plentily",,,,,,,,
SENSE_POL,1058910,"ulewny deszcz
ulewa
leje jak z cebra",,,,,,,,
SENSE_COMMON,1058910,,,"adverb (fukushi)
adverb taking the 'to' particle",,,,onomatopoeic or mimetic word,,
SENSE_ENG,1058910,"with white noise
with a buzz",,,,,,,,
SENSE_POL,1058910,dźwięk białego szumu,,,,,,,,
END,1058910,,,,,,,,,
,,,,,,,,,,
,,,,,,,,,,
BEGIN,1011960,,,,,,,,,
READING,1011960,KATAKANA,ポタポタ,pota pota,-,,,spec1,,
READING,1011960,HIRAGANA,ぽたぽた,pota pota,-,,,ichi1,,
READING,1011960,KATAKANA,ボタボタ,bota bota,-,,,,,
READING,1011960,HIRAGANA,ぼたぼた,bota bota,-,,,,,
READING,1011960,HIRAGANA,ぼとぼと,boto boto,-,,,,,
READING,1011960,KATAKANA,ボトボト,boto boto,-,,,,,
READING,1011960,KATAKANA,ポトポト,poto poto,-,,,,,
READING,1011960,HIRAGANA,ぽとぽと,poto poto,-,,,,,
SENSE_COMMON,1011960,,,"adverb (fukushi)
adverb taking the 'to' particle
noun or participle which takes the aux. verb suru",,,,onomatopoeic or mimetic word,,
SENSE_ENG,1011960,"dripping
trickling
drop by drop
in drops",,,,,,,,
SENSE_POL,1011960,"kapanie
ściekanie
kropla po kropli
w kroplach",,,,,,,,
SENSE_COMMON,1011960,,"ボタボタ
ぼたぼた","adverb (fukushi)
adverb taking the 'to' particle
noun or participle which takes the aux. verb suru",,,,onomatopoeic or mimetic word,,
SENSE_ENG,1011960,"wet and heavy (snow, clay, etc.)",,,,,,,,
SENSE_POL,1011960,mokry i ciężki,"np. śnieg, glina",,,,,,,
SENSE_COMMON,1011960,,"ボタボタ
ぼたぼた","adverb (fukushi)
adverb taking the 'to' particle",,,,"onomatopoeic or mimetic word
archaic",,
SENSE_ENG,1011960,(moving) slowly,,,,,,,,
SENSE_POL,1011960,powoli (poruszać się),,,,,,,,
END,1011960,,,,,,,,,
,,,,,,,,,,
,,,,,,,,,,
BEGIN,1009050,,,,,,,,,
READING,1009050,KATAKANA,ドキドキ,doki doki,-,,,spec1,,
READING,1009050,HIRAGANA,どきどき,doki doki,-,,,ichi1,,
READING,1009050,HIRAGANA,どきんどきん,dokin dokin,-,,,,,
READING,1009050,KATAKANA,ドキンドキン,dokin dokin,-,,,,,
SENSE_COMMON,1009050,,,"adverb (fukushi)
adverb taking the 'to' particle",,,,onomatopoeic or mimetic word,,
SENSE_ENG,1009050,"thump-thump
bang-bang
pit-a-pat
pitapat
pitter-patter",,,,,,,,
SENSE_POL,1009050,"bum-bum
bang-bang
stuk puk
walenie
bębnienie
uderzanie
bicie
stukotanie",,,,,,,,
SENSE_COMMON,1009050,,,noun or participle which takes the aux. verb suru,,,,onomatopoeic or mimetic word,,
SENSE_ENG,1009050,"to beat fast (of one's heart)
to throb
to pound
to palpitate",,,,,,,,
SENSE_POL,1009050,"bić szybko
łomotać
walić
kołatać",np. serce,,,,,,,
END,1009050,,,,,,,,,
,,,,,,,,,,
,,,,,,,,,,
BEGIN,1006090,,,,,,,,,
READING,1006090,HIRAGANA,すたすた,suta suta,-,,,,,
SENSE_COMMON,1006090,,,adverb taking the 'to' particle,,,,onomatopoeic or mimetic word,,
SENSE_ENG,1006090,"(walk) briskly
at a brisk pace
quickly",,,,,,,,
SENSE_POL,1006090,"iść żwawo
iść w szybkim tempie
chodzić zdecydowanie
chodzić pewnym krokiem",,,,,,,,
END,1006090,,,,,,,,,
,,,,,,,,,,
,,,,,,,,,,
BEGIN,1113060,,,,,,,,,
READING,1113060,HIRAGANA,ふわふわ,fuwa fuwa,-,,,spec1,,
READING,1113060,KATAKANA,フワフワ,fuwa fuwa,-,,,ichi1,,
SENSE_COMMON,1113060,,,"adverb taking the 'to' particle
adverb (fukushi)",,,,onomatopoeic or mimetic word,,
SENSE_ENG,1113060,"lightly (floating, drifting, etc.)
buoyantly",,,,,,,,
SENSE_POL,1113060,lekko (unosząc się w powietrzu),,,,,,,,
SENSE_COMMON,1113060,,,"nouns which may take the genitive case particle 'no'
adjectival nouns or quasi-adjectives (keiyodoshi)
adverb taking the 'to' particle
adverb (fukushi)
noun or participle which takes the aux. verb suru",,,,onomatopoeic or mimetic word,,
SENSE_ENG,1113060,"soft
fluffy
spongy",,,,,,,,
SENSE_POL,1113060,"miękki
puszysty
delikatny
gąbczasty",,,,,,,,
SENSE_COMMON,1113060,,,"adverb taking the 'to' particle
adverb (fukushi)
noun or participle which takes the aux. verb suru",,,,onomatopoeic or mimetic word,,
SENSE_ENG,1113060,"unsteadily
flightily
fickly
frivolously",,,,,,,,
SENSE_POL,1113060,"beztrosko
z lekkością
z rozkojarzeniem",,,,,,,,
END,1113060,,,,,,,,,
,,,,,,,,,,
,,,,,,,,,,
BEGIN,2414740,,,,,,,,,
READING,2414740,KATAKANA,コリコリ,kori kori,-,,,,,
READING,2414740,HIRAGANA,こりこり,kori kori,-,,,,,
SENSE_COMMON,2414740,,,"adverb (fukushi)
adverb taking the 'to' particle
noun or participle which takes the aux. verb suru",,,,onomatopoeic or mimetic word,,
SENSE_ENG,2414740,"crisp (like a pickle)
crunchy",,,,,,,,
SENSE_POL,2414740,chrupiący (sałata),,,,,,,,
SENSE_COMMON,2414740,,,"adverb (fukushi)
adverb taking the 'to' particle
noun or participle which takes the aux. verb suru",,,,onomatopoeic or mimetic word,,
SENSE_ENG,2414740,firm (musculature),,,,,,,,
SENSE_POL,2414740,"jędrny (mięśnie)
sprężysty (chrząstki)",,,,,,,,
SENSE_COMMON,2414740,,,"adverb (fukushi)
adverb taking the 'to' particle
noun or participle which takes the aux. verb suru",,,,onomatopoeic or mimetic word,,
SENSE_ENG,2414740,"stiff (shoulders, neck, etc.)",,,,,,,,
SENSE_POL,2414740,"napięty
zesztywniały","np. ramię, szyja",,,,,,,
END,2414740,,,,,,,,,
,,,,,,,,,,
,,,,,,,,,,
BEGIN,1011540,,,,,,,,,
READING,1011540,KATAKANA,ペコペコ,peko peko,-,,,,,
READING,1011540,HIRAGANA,ぺこぺこ,peko peko,-,,,ichi1,,
SENSE_COMMON,1011540,,,adjectival nouns or quasi-adjectives (keiyodoshi),,,,onomatopoeic or mimetic word,,
SENSE_ENG,1011540,"very hungry
starving
famished",,,,,,,,
SENSE_POL,1011540,"bardzo głodny
głodny jak wilk
wygłodniały",,,,,,,,
SENSE_COMMON,1011540,,,"adverb (fukushi)
noun or participle which takes the aux. verb suru",,,,onomatopoeic or mimetic word,,
SENSE_ENG,1011540,"bowing repeatedly
kowtowing
bowing and scraping
being obsequious
being servile",,,,,,,,
SENSE_POL,1011540,"pokłon
przymilanie się
(nadmiernie) przepraszanie",,,,,,,,
SENSE_COMMON,1011540,,,"adverb (fukushi)
adverb taking the 'to' particle
noun or participle which takes the aux. verb suru
adjectival nouns or quasi-adjectives (keiyodoshi)",,,,onomatopoeic or mimetic word,,
SENSE_ENG,1011540,"denting
buckling
giving (in)",,,,,,,,
SENSE_POL,1011540,"dźwięk skrzypienia 
dźwięk wgniatania, uginania się czegoś",,,,,,,,
END,1011540,,,,,,,,,
,,,,,,,,,,
,,,,,,,,,,
BEGIN,1005890,,,,,,,,,
READING,1005890,HIRAGANA,じめじめ,jime jime,-,,,ichi1,,
READING,1005890,KATAKANA,ジメジメ,jime jime,-,,,,,
SENSE_COMMON,1005890,,,"adverb (fukushi)
adverb taking the 'to' particle
noun or participle which takes the aux. verb suru",,,,onomatopoeic or mimetic word,,
SENSE_ENG,1005890,"damp
humid
wet
clammy
muggy
soggy",,,,,,,,
SENSE_POL,1005890,"(nieprzyjemnie) wilgotny
parny
duszny",,,,,,,,
SENSE_COMMON,1005890,,,"adverb (fukushi)
adverb taking the 'to' particle
noun or participle which takes the aux. verb suru",,,,onomatopoeic or mimetic word,,
SENSE_ENG,1005890,"gloomy
melancholy
depressing",,,,,,,,
SENSE_POL,1005890,"smutny
smętny
melancholijny
przygnębiający
depresyjny",,,,,,,,
END,1005890,,,,,,,,,
,,,,,,,,,,
,,,,,,,,,,
BEGIN,2121280,,,,,,,,,
READING,2121280,HIRAGANA,しっとり,shittori,-,,,,,
SENSE_COMMON,2121280,,,"adverb (fukushi)
adverb taking the 'to' particle
noun or participle which takes the aux. verb suru",,,,onomatopoeic or mimetic word,,
SENSE_ENG,2121280,"damp
moist
(slightly) wet",,,,,,,,
SENSE_POL,2121280,"wilgotny
nawilżony",np. skóra,,,,,,,
SENSE_COMMON,2121280,,,"adverb (fukushi)
adverb taking the 'to' particle
noun or participle which takes the aux. verb suru",,,,onomatopoeic or mimetic word,,
SENSE_ENG,2121280,"quiet
calm
peaceful
soft
gentle
mellow
graceful",,,,,,,,
SENSE_POL,2121280,"cichy
spokojny
łagodny",,,,,,,,
END,2121280,,,,,,,,,
,,,,,,,,,,
,,,,,,,,,,
BEGIN,1010750,,,,,,,,,
READING,1010750,HIRAGANA,びしょびしょ,bisho bisho,-,,,ichi1,,
READING,1010750,HIRAGANA,びちょびちょ,bicho bicho,-,,,,,
READING,1010750,KATAKANA,ビショビショ,bisho bisho,-,,,,,
READING,1010750,KATAKANA,ビチョビチョ,bicho bicho,-,,,,,
SENSE_COMMON,1010750,,,"nouns which may take the genitive case particle 'no'
adjectival nouns or quasi-adjectives (keiyodoshi)",,,,onomatopoeic or mimetic word,,
SENSE_ENG,1010750,"soaked
drenched
sopping
soppy
wet",,,,,,,,
SENSE_POL,1010750,"przemoczony
przesiąknięty
mokry na wskroś",,,,,,,,
SENSE_COMMON,1010750,,,"adverb (fukushi)
adverb taking the 'to' particle",,,,onomatopoeic or mimetic word,,
SENSE_ENG,1010750,"incessantly (raining)
drizzling",,,,,,,,
SENSE_POL,1010750,bezustannie (opady deszczu),,,,,,,,
END,1010750,,,,,,,,,
,,,,,,,,,,
,,,,,,,,,,
BEGIN,1544590,,,,,,,,,
KANJI,1544590,余裕,,"ichi1
news1
nf03",,,,,,
KANJI,1544590,余猶,search-only kanji form,,,,,,,
READING,1544590,HIRAGANA,よゆう,yoyuu,-,,,"ichi1
news1
nf03",,
SENSE_COMMON,1544590,,,noun (common) (futsuumeishi),,,,,,
SENSE_ENG,1544590,"surplus
margin
leeway
room
space
time
allowance
flexibility
scope",,,,,,,,
SENSE_POL,1544590,"zapas
rezerwa
swoboda",,,,,,,,
SENSE_COMMON,1544590,,,noun (common) (futsuumeishi),,,,,,
SENSE_ENG,1544590,"composure
placidity
complacency
calm",,,,,,,,
SENSE_POL,1544590,"opanowanie
spokój",,,,,,,,
END,1544590,,,,,,,,,
,,,,,,,,,,
,,,,,,,,,,
BEGIN,1546300,,,,,,,,,
KANJI,1546300,用事,,"ichi1
news2
nf25",,,,,,
READING,1546300,HIRAGANA,ようじ,youji,-,,,"ichi1
news2
nf25",,
SENSE_COMMON,1546300,,,noun (common) (futsuumeishi),,,,,,
SENSE_ENG,1546300,"business
things to do
engagement
errand
affairs",,,,,,,,
SENSE_POL,1546300,"sprawy do załatwienia
obowiązki
prywatne sprawy",,,,,,,,
END,1546300,,,,,,,,,
,,,,,,,,,,
,,,,,,,,,,
BEGIN,2121690,,,,,,,,,
READING,2121690,KATAKANA,パタン,patan,-,,,,,
READING,2121690,HIRAGANA,ぱたん,patan,-,,,,,
SENSE_COMMON,2121690,,,"adverb taking the 'to' particle
noun or participle which takes the aux. verb suru",ぱたり・1,,,onomatopoeic or mimetic word,,
SENSE_ENG,2121690,"with a snap
with a bang
with a plonk
with a click",,,,,,,,
SENSE_POL,2121690,"trzask
huk
stuknięcie",,,,,,,,
SENSE_COMMON,2121690,,,"adverb taking the 'to' particle
noun or participle which takes the aux. verb suru",ぱたり・2,,,onomatopoeic or mimetic word,,
SENSE_ENG,2121690,"suddenly
all of a sudden",,,,,,,,
SENSE_POL,2121690,"nagle
niespodziewanie
bez uprzedzenia","np. zatrzymanie, zakończenie",,,,,,,
END,2121690,,,,,,,,,
,,,,,,,,,,
,,,,,,,,,,
BEGIN,1760690,,,,,,,,,
KANJI,1760690,極々,,,,,,,,
KANJI,1760690,極極,,,,,,,,
READING,1760690,HIRAGANA,ごくごく,goku goku,-,,,,,
SENSE_COMMON,1760690,,,adverb (fukushi),,,,word usually written using kana alone,,
SENSE_ENG,1760690,"extremely
highly",,,,,,,,
SENSE_POL,1760690,intensywnie,,,,,,,,
END,1760690,,,,,,,,,
,,,,,,,,,,
,,,,,,,,,,
BEGIN,2178890,,,,,,,,,
READING,2178890,HIRAGANA,ごくごく,goku goku,-,,,,,
READING,2178890,KATAKANA,ゴクゴク,goku goku,-,,,,,
SENSE_COMMON,2178890,,,"adverb (fukushi)
adverb taking the 'to' particle",,,,onomatopoeic or mimetic word,,
SENSE_ENG,2178890,(drinking) in big gulps,,,,,,,,
SENSE_POL,2178890,"(picie) dużymi łykami
(picie) jednym haustem
szybko pić","odgłos czynności łykania, np. podczas picia",,,,,,,
END,2178890,,,,,,,,,
,,,,,,,,,,
,,,,,,,,,,
BEGIN,1010380,,,,,,,,,
READING,1010380,HIRAGANA,ぱくぱく,paku paku,-,,,,,
READING,1010380,KATAKANA,パクパク,paku paku,-,,,,,
SENSE_COMMON,1010380,,,"adverb (fukushi)
adverb taking the 'to' particle
noun or participle which takes the aux. verb suru",,,,onomatopoeic or mimetic word,,
SENSE_ENG,1010380,"repeatedly opening and closing (one's mouth)
gasping",,,,,,,,
SENSE_POL,1010380,rytmiczne otwieranie i zamykanie (np. ust),,,,,,,,
SENSE_COMMON,1010380,,,"adverb (fukushi)
noun or participle which takes the aux. verb suru",,,,onomatopoeic or mimetic word,,
SENSE_ENG,1010380,"flapping (e.g. shoe sole)
gaping open and shut",,,,,,,,
SENSE_POL,1010380,"klapanie (np. podeszwa buta)
otwieranie i zamykanie",,,,,,,,
SENSE_COMMON,1010380,,,"adverb (fukushi)
adverb taking the 'to' particle
noun or participle which takes the aux. verb suru",,,,onomatopoeic or mimetic word,,
SENSE_ENG,1010380,"heartily (eating)
devouring
munching
gobbling",,,,,,,,
SENSE_POL,1010380,"z ochotą (jeść)
z apetytem (jeść)
pożeranie
chrupanie",,,,,,,,
END,1010380,,,,,,,,,
,,,,,,,,,,
,,,,,,,,,,
BEGIN,2009920,,,,,,,,,
READING,2009920,HIRAGANA,もぐもぐ,mogu mogu,-,,,,,
READING,2009920,HIRAGANA,もごもご,mogo mogo,-,,,,,
SENSE_COMMON,2009920,,,"adverb (fukushi)
noun or participle which takes the aux. verb suru
adverb taking the 'to' particle",,,,onomatopoeic or mimetic word,,
SENSE_ENG,2009920,"mumbling
chewing one's words",,,,,,,,
SENSE_POL,2009920,"mamrotanie
mówienie w sposób niezrozumiały",,,,,,,,
SENSE_COMMON,2009920,,,"adverb (fukushi)
noun or participle which takes the aux. verb suru
adverb taking the 'to' particle",,,,onomatopoeic or mimetic word,,
SENSE_ENG,2009920,chewing (food),,,,,,,,
SENSE_POL,2009920,przeżuwanie (jedzenia),,,,,,,,
SENSE_COMMON,2009920,,,"adverb (fukushi)
noun or participle which takes the aux. verb suru
adverb taking the 'to' particle",,,,onomatopoeic or mimetic word,,
SENSE_ENG,2009920,"squirming
wriggling",,,,,,,,
SENSE_POL,2009920,"wiercenie
kręcenie",,,,,,,,
END,2009920,,,,,,,,,
,,,,,,,,,,
,,,,,,,,,,
BEGIN,1011420,,,,,,,,,
READING,1011420,KATAKANA,ヘラヘラ,hera hera,-,,,,,
READING,1011420,HIRAGANA,へらへら,hera hera,-,,,,,
SENSE_COMMON,1011420,,,"adverb (fukushi)
adverb taking the 'to' particle
noun or participle which takes the aux. verb suru",,,,onomatopoeic or mimetic word,,
SENSE_ENG,1011420,"(laughing) foolishly
(smiling) thoughtlessly",,,,,,,,
SENSE_POL,1011420,"głupkowato (śmiać się)
bezmyślnie (uśmiechać się)",,,,,,,,
SENSE_COMMON,1011420,,,"adverb (fukushi)
adverb taking the 'to' particle
noun or participle which takes the aux. verb suru",,,,onomatopoeic or mimetic word,,
SENSE_ENG,1011420,"indiscreetly (talking)
carelessly (speaking)
frivolously
flippantly",,,,,,,,
SENSE_POL,1011420,"nietaktownie (rozmawiać)
nierozważne (mówić)
nonszalancko
impertynencko",,,,,,,,
SENSE_COMMON,1011420,,,"adjectival nouns or quasi-adjectives (keiyodoshi)
adverb (fukushi)
adverb taking the 'to' particle
noun or participle which takes the aux. verb suru",,,,onomatopoeic or mimetic word,,
SENSE_ENG,1011420,"thin (paper, cloth, etc.)
flimsy",,,,,,,,
SENSE_POL,1011420,"cienki (papier, materiał)",,,,,,,,
SENSE_COMMON,1011420,,,"adverb (fukushi)
adverb taking the 'to' particle
noun or participle which takes the aux. verb suru",,,,"onomatopoeic or mimetic word
archaic",,
SENSE_ENG,1011420,"flaring up
bursting into flames",,,,,,,,
SENSE_POL,1011420,"rozbłysnąć (o ogniu)
stanąć w płomieniach",,,,,,,,
END,1011420,,,,,,,,,
,,,,,,,,,,
,,,,,,,,,,
BEGIN,1010950,,,,,,,,,
READING,1010950,KATAKANA,ピリピリ,piri piri,-,,,,,
READING,1010950,HIRAGANA,ぴりぴり,piri piri,-,,,ichi1,,
SENSE_COMMON,1010950,,,"adverb (fukushi)
adverb taking the 'to' particle
noun or participle which takes the aux. verb suru",,,,onomatopoeic or mimetic word,,
SENSE_ENG,1010950,"with a sting
with a tingle
with a burn
smartingly",,,,,,,,
SENSE_POL,1010950,"ukłucie
mrowienie
oparzenie",,,,,,,,
SENSE_COMMON,1010950,,,"adverb (fukushi)
adverb taking the 'to' particle
noun or participle which takes the aux. verb suru",,,,onomatopoeic or mimetic word,,
SENSE_ENG,1010950,"nervously
tensely
(while) on edge",,,,,,,,
SENSE_POL,1010950,"nerwowo
na skraju (załamania)",,,,,,,,
SENSE_COMMON,1010950,,,"adverb (fukushi)
adverb taking the 'to' particle",,,,onomatopoeic or mimetic word,,
SENSE_ENG,1010950,"with a rip
with a ripping sound
with a tearing sound",,,,,,,,
SENSE_POL,1010950,"szurając
z piskiem
z ostrym dźwiękiem",,,,,,,,
SENSE_COMMON,1010950,,,"adverb (fukushi)
adverb taking the 'to' particle",,,,onomatopoeic or mimetic word,,
SENSE_ENG,1010950,with a shrill sound (of a whistle),,,,,,,,
SENSE_POL,1010950,z ostrym dźwiękiem (gwizdka),,,,,,,,
SENSE_COMMON,1010950,,,"adverb (fukushi)
adverb taking the 'to' particle
noun or participle which takes the aux. verb suru",,,,onomatopoeic or mimetic word,,
SENSE_ENG,1010950,"quiveringly
tremblingly",,,,,,,,
SENSE_POL,1010950,drżąco,,,,,,,,
END,1010950,,,,,,,,,
,,,,,,,,,,
,,,,,,,,,,
BEGIN,1098660,,,,,,,,,
READING,1098660,KATAKANA,バタバタ,bata bata,-,,,gai1,,
READING,1098660,HIRAGANA,ばたばた,bata bata,-,,,,,
SENSE_COMMON,1098660,,,"adverb (fukushi)
adverb taking the 'to' particle
noun or participle which takes the aux. verb suru",,,,onomatopoeic or mimetic word,,
SENSE_ENG,1098660,"flapping
rattling
fluttering",,,,,,,,
SENSE_POL,1098660,"trzepotanie
grzechotanie
machanie (skrzydłami)",,,,,,,,
SENSE_COMMON,1098660,,,"adverb (fukushi)
adverb taking the 'to' particle
noun or participle which takes the aux. verb suru",,,,onomatopoeic or mimetic word,,
SENSE_ENG,1098660,"(running) with a clatter
noisily
thrashing (around)
floundering
flailing",,,,,,,,
SENSE_POL,1098660,"hałaśliwie
plątając się
chaotycznie
miotając się (dookoła)",,,,,,,,
SENSE_COMMON,1098660,,,"adverb (fukushi)
adverb taking the 'to' particle",,,,onomatopoeic or mimetic word,,
SENSE_ENG,1098660,"(falling) one after another
in quick succession",,,,,,,,
SENSE_POL,1098660,"(spadanie) jeden po drugim
w krótkich odstępach czasu",,,,,,,,
SENSE_COMMON,1098660,,,"adverb (fukushi)
adverb taking the 'to' particle
noun or participle which takes the aux. verb suru",,,,onomatopoeic or mimetic word,,
SENSE_ENG,1098660,"busily
hurriedly
in a fluster
in a rush
rushing around
bustling about
scurrying",,,,,,,,
SENSE_POL,1098660,"pośpiesznie
w pośpiechu
w zamieszaniu",,,,,,,,
SENSE_COMMON,1098660,,,"adverb (fukushi)
adverb taking the 'to' particle",,,,onomatopoeic or mimetic word,,
SENSE_ENG,1098660,"quickly
briskly
with dispatch",,,,,,,,
SENSE_POL,1098660,"szybko
energicznie",,,,,,,,
SENSE_COMMON,1098660,,,noun (common) (futsuumeishi),,,,colloquial,,
SENSE_ENG,1098660,"motorcycle
three-wheeler truck",,,,,,,,
SENSE_POL,1098660,"motorower trójkołowy
trójkołowy pojazd ciężarowy",,,,,,,,
END,1098660,,,,,,,,,
,,,,,,,,,,
,,,,,,,,,,
BEGIN,1012010,,,,,,,,,
READING,1012010,KATAKANA,ポツポツ,potsu potsu,-,,,,,
READING,1012010,HIRAGANA,ぽつぽつ,potsu potsu,-,,,,,
SENSE_COMMON,1012010,,,noun (common) (futsuumeishi),,,,,,
SENSE_ENG,1012010,"dots
spots",,,,,,,,
SENSE_POL,1012010,"plamki
kropelki",,,,,,,,
SENSE_COMMON,1012010,,,"adverb (fukushi)
adverb taking the 'to' particle",,,,onomatopoeic or mimetic word,,
SENSE_ENG,1012010,"bit by bit
little by little
gradually",,,,,,,,
SENSE_POL,1012010,"po trochu
kawałek po kawałku
stopniowo",,,,,,,,
SENSE_COMMON,1012010,,,"adverb (fukushi)
adverb taking the 'to' particle",,,,onomatopoeic or mimetic word,,
SENSE_ENG,1012010,"here and there
scattered
dotted",,,,,,,,
SENSE_POL,1012010,"rozrzucony
w kropki
w groszki",,,,,,,,
SENSE_COMMON,1012010,,,"adverb (fukushi)
adverb taking the 'to' particle",,,,onomatopoeic or mimetic word,,
SENSE_ENG,1012010,"in drops
(falling) lightly",,,,,,,,
SENSE_POL,1012010,kroplami (padać),,,,,,,,
END,1012010,,,,,,,,,
,,,,,,,,,,
,,,,,,,,,,
BEGIN,1102580,,,,,,,,,
READING,1102580,HIRAGANA,ぱらぱら,para para,-,,,spec1,,
READING,1102580,KATAKANA,パラパラ,para para,-,,,,,
SENSE_COMMON,1102580,,,"adverb (fukushi)
adverb taking the 'to' particle",,,,onomatopoeic or mimetic word,,
SENSE_ENG,1102580,"sprinkling (of rain, salt, etc.)
pattering",,,,,,,,
SENSE_POL,1102580,"odrobina (np. deszczu, soli i etc)
regularny dźwięk (np. kropli deszczu)",,,,,,,,
SENSE_COMMON,1102580,,,"adverb (fukushi)
adverb taking the 'to' particle",,,,onomatopoeic or mimetic word,,
SENSE_ENG,1102580,"flipping (through a book, etc.)
riffling",,,,,,,,
SENSE_POL,1102580,przerzucanie,np. stronice w książce,,,,,,,
SENSE_COMMON,1102580,,,"nouns which may take the genitive case particle 'no'
adjectival nouns or quasi-adjectives (keiyodoshi)
adverb (fukushi)
adverb taking the 'to' particle",,,,onomatopoeic or mimetic word,,
SENSE_ENG,1102580,"sparse
scattered
sporadic",,,,,,,,
SENSE_POL,1102580,"rozsiany
rozrzucony
sporadyczny
luźno rozmieszczony",,,,,,,,
SENSE_COMMON,1102580,,,"nouns which may take the genitive case particle 'no'
adjectival nouns or quasi-adjectives (keiyodoshi)
adverb (fukushi)
adverb taking the 'to' particle",,,,onomatopoeic or mimetic word,,
SENSE_ENG,1102580,"crumbly (e.g. tofu, cheese)
loose
non-sticky (e.g. rice)",,,,,,,,
SENSE_POL,1102580,"delikatny (np. tofu, ser)
sypki
niekleisty (np. ryż)",,,,,,,,
END,1102580,,,,,,,,,
,,,,,,,,,,
,,,,,,,,,,
BEGIN,2846699,,,,,,,,,
READING,2846699,KATAKANA,パラパラ,para para,-,,,spec1,,
READING,2846699,HIRAGANA,ぱらぱら,para para,-,,,,,
SENSE_COMMON,2846699,,,noun (common) (futsuumeishi),,,,,,
SENSE_ENG,2846699,"para para
disco dancing with synchronized arm motions",,,,,,,,
SENSE_POL,2846699,"para para
taniec disco charakteryzujący się synchronicznymi ruchami rąk",taniec disco popularny w Japonii,,,,,,,
END,2846699,,,,,,,,,
,,,,,,,,,,
,,,,,,,,,,
BEGIN,2169470,,,,,,,,,
READING,2169470,HIRAGANA,ぐっしょり,gusshori,-,,,,,
SENSE_COMMON,2169470,,,"adverb (fukushi)
adverb taking the 'to' particle",びっしょり,,,onomatopoeic or mimetic word,,
SENSE_ENG,2169470,"soaking (wet)
wringing
dripping
drenched",,,,,,,,
SENSE_POL,2169470,"przemoczony
cały spocony
wyżymany
wykręcany",,,,,,,,
END,2169470,,,,,,,,,
,,,,,,,,,,
,,,,,,,,,,
BEGIN,1048240,,,,,,,,,
READING,1048240,KATAKANA,ケロケロ,kero kero,-,,,,,
READING,1048240,HIRAGANA,けろけろ,kero kero,-,,,,,
READING,1048240,KATAKANA,ゲロゲロ,gero gero,-,,,,,
READING,1048240,HIRAGANA,げろげろ,gero gero,-,,,,,
READING,1048240,KATAKANA,ゲコゲコ,geko geko,-,,,,,
READING,1048240,HIRAGANA,げこげこ,geko geko,-,,,,,
SENSE_COMMON,1048240,,,"adverb (fukushi)
adverb taking the 'to' particle",,,,onomatopoeic or mimetic word,,
SENSE_ENG,1048240,"croak
ribbit
sound of frogs|expl",,,,,,,,
SENSE_POL,1048240,"kwakanie
rechotanie
kum kum",odgłos żab,,,,,,,
END,1048240,,,,,,,,,
,,,,,,,,,,
,,,,,,,,,,
BEGIN,2831885,,,,,,,,,
READING,2831885,HIRAGANA,けろけろ,kero kero,-,,,,,
SENSE_COMMON,2831885,,,"adverb (fukushi)
adverb taking the 'to' particle",けろり・1,,,onomatopoeic or mimetic word,,
SENSE_ENG,2831885,"completely
entirely",,,,,,,,
SENSE_POL,2831885,"kompletnie
całkowicie
zupełnie",,,,,,,,
SENSE_COMMON,2831885,,,"adverb (fukushi)
adverb taking the 'to' particle",けろり・2,,,onomatopoeic or mimetic word,,
SENSE_ENG,2831885,"nonchalantly
as if nothing happened",,,,,,,,
SENSE_POL,2831885,"nonszalancko
jakby nic się nie stało",,,,,,,,
END,2831885,,,,,,,,,
,,,,,,,,,,
,,,,,,,,,,
BEGIN,1101650,,,,,,,,,
READING,1101650,KATAKANA,パチパチ,pachi pachi,-,,,"ichi1
spec1",,
READING,1101650,HIRAGANA,ぱちぱち,pachi pachi,-,,,,,
SENSE_COMMON,1101650,,,"adverb (fukushi)
adverb taking the 'to' particle
noun or participle which takes the aux. verb suru",,,,onomatopoeic or mimetic word,,
SENSE_ENG,1101650,"crackling
cracking
snapping
popping
clicking",,,,,,,,
SENSE_POL,1101650,"trzaskanie
pękanie",,,,,,,,
SENSE_COMMON,1101650,,,"adverb (fukushi)
adverb taking the 'to' particle
noun or participle which takes the aux. verb suru",,,,onomatopoeic or mimetic word,,
SENSE_ENG,1101650,clapping,,,,,,,,
SENSE_POL,1101650,"klaskanie
klap klap",,,,,,,,
SENSE_COMMON,1101650,,,"adverb (fukushi)
adverb taking the 'to' particle
noun or participle which takes the aux. verb suru",,,,onomatopoeic or mimetic word,,
SENSE_ENG,1101650,incessantly (blinking),,,,,,,,
SENSE_POL,1101650,"migotanie
mruganie",,,,,,,,
END,1101650,,,,,,,,,
,,,,,,,,,,
,,,,,,,,,,
BEGIN,2845959,,,,,,,,,
KANJI,2845959,８８,,,,,,,,
READING,2845959,HIRAGANA,ぱちぱち,pachi pachi,-,,,,,
SENSE_COMMON,2845959,,,"expressions (phrases, clauses, etc.)",パチパチ・2,,,Internet slang,,
SENSE_ENG,2845959,"clap clap
good job",,,,,,,,
SENSE_POL,2845959,"klask klask
dobra robota",,,,,,,,
END,2845959,,,,,,,,,
,,,,,,,,,,
,,,,,,,,,,
BEGIN,1497400,,,,,,,,,
KANJI,1497400,浮き浮き,rarely used kanji form,,,,,,,
READING,1497400,KATAKANA,ウキウキ,uki uki,NO_KANJI,,,,,
READING,1497400,HIRAGANA,うきうき,uki uki,-,,,ichi1,,
READING,1497400,KATAKANA,ウッキウキ,ukki uki,-,,search-only kana form,,,
SENSE_COMMON,1497400,,,"adverb (fukushi)
adverb taking the 'to' particle
noun or participle which takes the aux. verb suru",,,,word usually written using kana alone,,
SENSE_ENG,1497400,"cheerfully
buoyantly
happily
in high spirits",,,,,,,,
SENSE_POL,1497400,"wesoło
radośnie
pogodnie
w dobrym nastroju
w ekscytacji",,,,,,,,
END,1497400,,,,,,,,,
,,,,,,,,,,
,,,,,,,,,,
BEGIN,1005550,,,,,,,,,
KANJI,1005550,執拗い,,,,,,,,
READING,1005550,HIRAGANA,しつこい,shitsukoi,-,,,ichi1,,
READING,1005550,HIRAGANA,しつっこい,shitsukkoi,NO_KANJI,,,,,
SENSE_COMMON,1005550,,,adjective (keiyoushi),,,,word usually written using kana alone,,
SENSE_ENG,1005550,"insistent
obstinate
persistent
tenacious",,,,,,,,
SENSE_POL,1005550,"uparty
natarczywy
nachalny
przesadny",,,,,,,,
SENSE_COMMON,1005550,,,adjective (keiyoushi),,,,word usually written using kana alone,,
SENSE_ENG,1005550,"too rich (taste, etc.)
fatty
heavy
greasy",,,,,,,,
SENSE_POL,1005550,"zbyt intensywny (np. w smaku)
tłusty
ciężki",,,,,,,,
END,1005550,,,,,,,,,
,,,,,,,,,,
,,,,,,,,,,
BEGIN,2840170,,,,,,,,,
KANJI,2840170,好きぴ,,,,,,,,
KANJI,2840170,好きピ,search-only kanji form,,,,,,,
READING,2840170,HIRAGANA_KATAKANA,すきピ,suki pi,-,,,,,
READING,2840170,KATAKANA,スキピ,suki pi,NO_KANJI,,,,,
READING,2840170,HIRAGANA,ちゅきぴ,chuki pi,-,,search-only kana form,,,
SENSE_COMMON,2840170,,,noun (common) (futsuumeishi),,,,"female term or language
slang",,
SENSE_ENG,2840170,"(one's) crush
(one's) love interest
person one is romantically interested in",,,,,,,,
SENSE_POL,2840170,"pot. crush (osoba, w której się podkochujemy)
obiekt westchnień
sympatia",,,,,,,,
END,2840170,,,,,,,,,
,,,,,,,,,,
,,,,,,,,,,
BEGIN,2018460,,,,,,,,,
READING,2018460,KATAKANA_HIRAGANA,ググる,guguru,-,,,,,
READING,2018460,HIRAGANA,ぐぐる,guguru,-,,,,,
READING,2018460,KATAKANA_HIRAGANA,グーグる,guuguru,-,,,,,
SENSE_COMMON,2018460,,,"Godan verb with 'ru' ending
transitive verb",,,,colloquial,,
SENSE_ENG,2018460,"to google
to do an online search (for)",,,,,,,,
SENSE_POL,2018460,"wyszukiwać w Google
pot. guglować, googlować",,,,,,,,
END,2018460,,,,,,,,,
,,,,,,,,,,
,,,,,,,,,,
BEGIN,2849996,,,,,,,,,
READING,2849996,HIRAGANA,る,ru,-,,,,,
SENSE_COMMON,2849996,,,suffix,,,,colloquial,,
SENSE_ENG,2849996,verb-forming suffix,"as in ググる, ミスる, etc.",,,,,,,
SENSE_POL,2849996,sufiks do tworzenia czasowników 2 grupy (ichidan),"np. ググる, ミスる, etc.",,,,,,,
END,2849996,,,,,,,,,
,,,,,,,,,,
,,,,,,,,,,
BEGIN,2194790,,,,,,,,,
KANJI,2194790,海星,,,,,,,,
KANJI,2194790,人手,,,,,,,,
KANJI,2194790,海盤車,,,,,,,,
READING,2194790,HIRAGANA,ひとで,hitode,-,,,,,
READING,2194790,KATAKANA,ヒトデ,hitode,NO_KANJI,,,,,
SENSE_COMMON,2194790,,,noun (common) (futsuumeishi),,,,word usually written using kana alone,,
SENSE_ENG,2194790,"starfish
sea star
asteroid
any echinoderm of the class Asteroidea|expl",,,,,,,,
SENSE_POL,2194790,rozgwiazda,dowolny szkarłupień z klasy Asteroidea,,,,,,,
SENSE_COMMON,2194790,,,noun (common) (futsuumeishi),,,,word usually written using kana alone,,
SENSE_ENG,2194790,northern Pacific seastar (Asterias amurensis),,,,,,,,
SENSE_POL,2194790,Asterias amurensis,zwierzę,,,,,,,
END,2194790,,,,,,,,,
,,,,,,,,,,
,,,,,,,,,,
BEGIN,2825953,,,,,,,,,
KANJI,2825953,人手,,,,,,,,
READING,2825953,HIRAGANA,ひとで,hitode,-,,,,,
SENSE_COMMON,2825953,,,noun (common) (futsuumeishi),,,,,,
SENSE_ENG,2825953,"someone else's hands
someone else's possession",,,,,,,,
SENSE_POL,2825953,"czyjeś ręce
własność kogoś innego",używane w kontekście pomocy od innych osób,,,,,,,
SENSE_COMMON,2825953,,,noun (common) (futsuumeishi),,,,,,
SENSE_ENG,2825953,"hand (worker)
aide",,,,,,,,
SENSE_POL,2825953,ręce do pracy,,,,,,,,
SENSE_COMMON,2825953,,,noun (common) (futsuumeishi),,,,,,
SENSE_ENG,2825953,"labor
labour
work
manpower
effort",,,,,,,,
SENSE_POL,2825953,"siła robocza
pracownicy",,,,,,,,
SENSE_COMMON,2825953,,,noun (common) (futsuumeishi),,,,,,
SENSE_ENG,2825953,"help
assistance",,,,,,,,
SENSE_POL,2825953,"pomoc
wsparcie",używane w kontekście pomocy fizycznej,,,,,,,
SENSE_COMMON,2825953,,,noun (common) (futsuumeishi),,,,,,
SENSE_ENG,2825953,"(human) hand
human act",,,,,,,,
SENSE_POL,2825953,"(ludzka) ręka
ludzkie działanie",,,,,,,,
END,2825953,,,,,,,,,
,,,,,,,,,,
,,,,,,,,,,
BEGIN,1010050,,,,,,,,,
READING,1010050,HIRAGANA,のんびり,nonbiri,-,,,ichi1,,
READING,1010050,KATAKANA,ノンビリ,nonbiri,-,,,,,
SENSE_COMMON,1010050,,,"adverb (fukushi)
adverb taking the 'to' particle
noun or participle which takes the aux. verb suru",,,,onomatopoeic or mimetic word,,
SENSE_ENG,1010050,"at leisure
in a relaxed manner
in a carefree manner
quietly
peacefully",,,,,,,,
SENSE_POL,1010050,"w wolnej chwili
w sposób zrelaksowany
w sposób beztroski
spokojnie",,,,,,,,
END,1010050,,,,,,,,,
,,,,,,,,,,
,,,,,,,,,,
BEGIN,1175170,,,,,,,,,
KANJI,1175170,駅前,,"ichi1
news1
nf06",,,,,,
READING,1175170,HIRAGANA,えきまえ,eki mae,-,,,"ichi1
news1
nf06",,
SENSE_COMMON,1175170,,,noun (common) (futsuumeishi),,,,,,
SENSE_ENG,1175170,in front of a station,,,,,,,,
SENSE_POL,1175170,przed dworcem kolejowym,w Japonii miast często rozwijały się wokół stacji kolejowych i zwykle jest to najbardziej reprezentatywne miejsce w mieście,,,,,,,
END,1175170,,,,,,,,,
,,,,,,,,,,
,,,,,,,,,,
BEGIN,2082160,,,,,,,,,
KANJI,2082160,屋,,,,,,,,
KANJI,2082160,家,,,,,,,,
READING,2082160,HIRAGANA,や,ya,-,,,,,
SENSE_COMMON,2082160,,,suffix,パン屋,,,,,
SENSE_ENG,2082160,"shop
store
restaurant",usu. 屋,,,,,,,
SENSE_POL,2082160,"sklep
restauracja
zakład usługowy",zwykle 屋,,,,,,,
SENSE_COMMON,2082160,,,suffix,殺し屋,,,,,
SENSE_ENG,2082160,someone who sells (something) or works as (something),"usu. 屋, can be derog.",,,,,,,
SENSE_POL,2082160,"ktoś, kto sprzedaje (coś) lub pracuje jako","zwykle 屋, może być poniżające",,,,,,,
SENSE_COMMON,2082160,,,suffix,照れ屋,,,,,
SENSE_ENG,2082160,someone with a (certain) personality trait,usu. 屋,,,,,,,
SENSE_POL,2082160,ktoś z (pewną) cechą osobowości,zwykle 屋,,,,,,,
SENSE_COMMON,2082160,,,noun (common) (futsuumeishi),,,,,,
SENSE_ENG,2082160,house,usu. 家,,,,,,,
SENSE_POL,2082160,dom,zwykle 家,,,,,,,
SENSE_COMMON,2082160,,,noun (common) (futsuumeishi),,,,,,
SENSE_ENG,2082160,roof,,,,,,,,
SENSE_POL,2082160,dach,,,,,,,,
END,2082160,,,,,,,,,
,,,,,,,,,,
,,,,,,,,,,
BEGIN,1457730,,,,,,,,,
KANJI,1457730,内,,"ichi1
news1
nf08",,,,,,
KANJI,1457730,中,,,,,,,,
KANJI,1457730,裡,search-only kanji form,,,,,,,
KANJI,1457730,裏,search-only kanji form,,,,,,,
KANJI,1457730,家,search-only kanji form,,,,,,,
KANJI,1457730,內,search-only kanji form,,,,,,,
READING,1457730,HIRAGANA,うち,uchi,-,,,"ichi1
news1
nf08",,
SENSE_COMMON,1457730,,,"noun (common) (futsuumeishi)
adverb (fukushi)",,,,,,
SENSE_ENG,1457730,"inside
within",,,,,,,,
SENSE_POL,1457730,"wewnątrz
w środku",,,,,,,,
SENSE_COMMON,1457730,,,"noun (common) (futsuumeishi)
adverb (fukushi)",,,,word usually written using kana alone,,
SENSE_ENG,1457730,"while (e.g. one is young)
during
within (e.g. a day)
in the course of",,,,,,,,
SENSE_POL,1457730,"podczas (np. młodości)
w czasie
w trakcie
w ciągu (np. dnia)
w toku",,,,,,,,
SENSE_COMMON,1457730,,,"noun (common) (futsuumeishi)
adverb (fukushi)",,,,word usually written using kana alone,,
SENSE_ENG,1457730,"among
amongst
(out) of
between",as 〜のうち,,,,,,,
SENSE_POL,1457730,"pośród
wśród
miedzy",jako 〜のうち,,,,,,,
SENSE_COMMON,1457730,,,noun (common) (futsuumeishi),,,,word usually written using kana alone,,
SENSE_ENG,1457730,"in (secret, chaos, poverty, etc.)
amidst
with (e.g. success)","also 裡, 裏; as 〜のうちに after a noun representing a state or condition",,,,,,,
SENSE_POL,1457730,"w (sekrecie, chaosie, biedzie i etc
podczas (np. sukcesu)","również 裡, 裏, jako 〜のうちに, po rzeczowniku reprezentującym stan)",,,,,,,
SENSE_COMMON,1457730,,,noun (common) (futsuumeishi),,,,,,
SENSE_ENG,1457730,"within oneself
one's feelings
inner thoughts",,,,,,,,
SENSE_POL,1457730,"swoje uczucia
wewnętrzne myśli",,,,,,,,
SENSE_COMMON,1457730,内,,noun (common) (futsuumeishi),,"そと・3
よそ・2",,word usually written using kana alone,,
SENSE_ENG,1457730,"we
our company
our organization",,,,,,,,
SENSE_POL,1457730,"my
nasza firma
nasza organizacja",,,,,,,,
SENSE_COMMON,1457730,内,,noun (common) (futsuumeishi),家・うち・2,,,word usually written using kana alone,,
SENSE_ENG,1457730,"one's home
one's family",also 家,,,,,,,
SENSE_POL,1457730,"swój dom
swoja rodzina",również 家,,,,,,,
SENSE_COMMON,1457730,内,,noun (common) (futsuumeishi),,,,,,
SENSE_ENG,1457730,"my spouse
my husband
my wife",,,,,,,,
SENSE_POL,1457730,"mój małżonek
moja małżonka
mój mąż
moja żona",,,,,,,,
SENSE_COMMON,1457730,内,,noun (common) (futsuumeishi),,,,,,
SENSE_ENG,1457730,signed on behalf of (husband's name) by his wife,in a letter after the husband's name,,,,,,,
SENSE_POL,1457730,podpisany w imieniu (nazwisko męża) przez jego żonę,używane w listach po nazwisku męża,,,,,,,
SENSE_COMMON,1457730,内,,pronoun,,,,word usually written using kana alone,,Kansai-ben
SENSE_ENG,1457730,"I
me",primarily used by women and children,,,,,,,
SENSE_POL,1457730,"ja
mnie",używane głównie przez kobiety i dzieci,,,,,,,
SENSE_COMMON,1457730,内,,noun (common) (futsuumeishi),,,,archaic,,
SENSE_ENG,1457730,imperial palace grounds,,,,,,,,
SENSE_POL,1457730,teren pałacu cesarskiego,,,,,,,,
SENSE_COMMON,1457730,内,,noun (common) (futsuumeishi),,,,archaic,,
SENSE_ENG,1457730,emperor,,,,,,,,
SENSE_POL,1457730,cesarz,,,,,,,,
END,1457730,,,,,,,,,
,,,,,,,,,,
,,,,,,,,,,
BEGIN,1191730,,,,,,,,,
KANJI,1191730,家,,ichi1,,,,,,
READING,1191730,HIRAGANA,いえ,ie,-,,,ichi1,,
SENSE_COMMON,1191730,,,noun (common) (futsuumeishi),,,,,,
SENSE_ENG,1191730,"house
residence
dwelling",,,,,,,,
SENSE_POL,1191730,"dom
mieszkanie",bardziej oficjalnie,,,,,,,
SENSE_COMMON,1191730,,,noun (common) (futsuumeishi),,,,,,
SENSE_ENG,1191730,"family
household",,,,,,,,
SENSE_POL,1191730,"rodzina
gospodarstwo domowe",bardziej oficjalnie,,,,,,,
SENSE_COMMON,1191730,,,noun (common) (futsuumeishi),,,,,,
SENSE_ENG,1191730,"lineage
family name",,,,,,,,
SENSE_POL,1191730,"ród
rodowód
nazwisko rodowe",bardziej oficjalnie,,,,,,,
END,1191730,,,,,,,,,
,,,,,,,,,,
,,,,,,,,,,
BEGIN,1191740,,,,,,,,,
KANJI,1191740,家,,ichi1,,,,,,
READING,1191740,HIRAGANA,うち,uchi,-,,,ichi1,,
SENSE_COMMON,1191740,,,noun (common) (futsuumeishi),内・うち・7,,,word usually written using kana alone,,
SENSE_ENG,1191740,"one's house
one's home
one's family
one's household",,,,,,,,
SENSE_POL,1191740,"mój dom
moja rodzina
moje gospodarstwo domowe
moje miejsce",,,,,,,,
SENSE_COMMON,1191740,,,noun (common) (futsuumeishi),,,,word usually written using kana alone,,
SENSE_ENG,1191740,house,,,,,,,,
SENSE_POL,1191740,"dom
mieszkanie",,,,,,,,
END,1191740,,,,,,,,,
,,,,,,,,,,
,,,,,,,,,,
BEGIN,1191750,,,,,,,,,
KANJI,1191750,家,,ichi1,,,,,,
READING,1191750,HIRAGANA,け,ke,-,,,ichi1,,
SENSE_COMMON,1191750,,,suffix,,,,,,
SENSE_ENG,1191750,"house
family",after a surname,,,,,,,
SENSE_POL,1191750,"dynastia
rodzina","np. Tokugawa, po nazwisku",,,,,,,
END,1191750,,,,,,,,,
,,,,,,,,,,
,,,,,,,,,,
BEGIN,2220280,,,,,,,,,
KANJI,2220280,家,,,,,,,,
READING,2220280,HIRAGANA,か,ka,-,,,,,
SENSE_COMMON,2220280,,,suffix,政治家,,,,,
SENSE_ENG,2220280,"-ist
-er","used after a noun indicating someone's occupation, pursuits, disposition, etc.",,,,,,,
SENSE_POL,2220280,"[przyrostek oznaczający człowieka wykonującego pewien zawód, zajęcie, usposobienie]",,,,,,,,
END,2220280,,,,,,,,,
,,,,,,,,,,
,,,,,,,,,,
BEGIN,2220300,,,,,,,,,
KANJI,2220300,ん家,,,,,,,,
KANJI,2220300,家,,,,,,,,
READING,2220300,HIRAGANA,んち,nchi,-,,,,,
SENSE_COMMON,2220300,,,"expressions (phrases, clauses, etc.)
suffix",,,,"colloquial
word usually written using kana alone",,
SENSE_ENG,2220300,"s house
's home",from 〜のうち,,,,,,,
SENSE_POL,2220300,(czyjś) dom,od 〜のうち,,,,,,,
END,2220300,,,,,,,,,
,,,,,,,,,,
,,,,,,,,,,
BEGIN,2858378,,,,,,,,,
KANJI,2858378,家,,,,,,,,
READING,2858378,HIRAGANA,ち,chi,-,,,,,
SENSE_COMMON,2858378,,,suffix,ん家,,,"colloquial
word usually written using kana alone",,
SENSE_ENG,2858378,"s house
's home",,,,,,,,
SENSE_POL,2858378,(czyjś) dom,,,,,,,,
END,2858378,,,,,,,,,
,,,,,,,,,,
,,,,,,,,,,
BEGIN,1410510,,,,,,,,,
KANJI,1410510,待ち合わせ,,"ichi1
news2
nf30",,,,,,
KANJI,1410510,待ちあわせ,,,,,,,,
READING,1410510,HIRAGANA,まちあわせ,machi awase,-,,,"ichi1
news2
nf30",,
SENSE_COMMON,1410510,,,noun (common) (futsuumeishi),,,,,,
SENSE_ENG,1410510,appointment,,,,,,,,
SENSE_POL,1410510,(umówione) spotkanie,,,,,,,,
END,1410510,,,,,,,,,
,,,,,,,,,,
,,,,,,,,,,
BEGIN,1362720,,,,,,,,,
KANJI,1362720,深呼吸,,"news2
nf45",,,,,,
READING,1362720,HIRAGANA,しんこきゅう,shinkokyuu,-,,,"news2
nf45",,
SENSE_COMMON,1362720,,,"noun (common) (futsuumeishi)
noun or participle which takes the aux. verb suru
intransitive verb",,,,,,
SENSE_ENG,1362720,deep breath,,,,,,,,
SENSE_POL,1362720,"głęboki oddech
głęboki wdech",,,,,,,,
END,1362720,,,,,,,,,
,,,,,,,,,,
,,,,,,,,,,
BEGIN,1003240,,,,,,,,,
READING,1003240,KATAKANA,ガツガツ,gatsu gatsu,-,,,,,
READING,1003240,HIRAGANA,がつがつ,gatsu gatsu,-,,,,,
SENSE_COMMON,1003240,,,"adverb (fukushi)
adverb taking the 'to' particle
noun or participle which takes the aux. verb suru",,,,onomatopoeic or mimetic word,,
SENSE_ENG,1003240,"hungrily
voraciously
ravenously",,,,,,,,
SENSE_POL,1003240,"łapczywie
łakomie
żarłocznie",,,,,,,,
SENSE_COMMON,1003240,,,"adverb (fukushi)
adverb taking the 'to' particle
noun or participle which takes the aux. verb suru",,,,onomatopoeic or mimetic word,,
SENSE_ENG,1003240,"greedily
avariciously
eagerly
ardently",,,,,,,,
SENSE_POL,1003240,"pazernie
chciwie
zachłannie",,,,,,,,
END,1003240,,,,,,,,,
,,,,,,,,,,
,,,,,,,,,,
BEGIN,1007590,,,,,,,,,
READING,1007590,HIRAGANA,ちびちび,chibi chibi,-,,,,,
READING,1007590,HIRAGANA,ちびりちびり,chibiri chibiri,-,,,,,
SENSE_COMMON,1007590,,,"adverb (fukushi)
adverb taking the 'to' particle",,,,onomatopoeic or mimetic word,,
SENSE_ENG,1007590,"little by little
bit by bit
sparingly",,,,,,,,
SENSE_POL,1007590,"małymi łyczkami
po trochu
po kawałku
powoli
stopniowo",często używane w kontekście spożywania napojów lub jedzenia,,,,,,,
END,1007590,,,,,,,,,
,,,,,,,,,,
,,,,,,,,,,
BEGIN,1005640,,,,,,,,,
READING,1005640,HIRAGANA,しゃきしゃき,shaki shaki,-,,,,,
READING,1005640,KATAKANA,シャキシャキ,shaki shaki,-,,,,,
READING,1005640,KATAKANA,シャッキシャッキ,shakki shakki,-,,search-only kana form,,,
SENSE_COMMON,1005640,,,"adverb (fukushi)
adverb taking the 'to' particle
noun or participle which takes the aux. verb suru",,,,onomatopoeic or mimetic word,,
SENSE_ENG,1005640,"crisp
crunchy
precise
clipped
brisk",,,,,,,,
SENSE_POL,1005640,"chrupiący
świeży
jędrny
żwawy",,,,,,,,
END,1005640,,,,,,,,,
,,,,,,,,,,
,,,,,,,,,,
BEGIN,1010450,,,,,,,,,
READING,1010450,KATAKANA,パリパリ,pari pari,-,,,,,
READING,1010450,HIRAGANA,ぱりぱり,pari pari,-,,,,,
SENSE_COMMON,1010450,,,"adjectival nouns or quasi-adjectives (keiyodoshi)
adverb (fukushi)
noun (common) (futsuumeishi)",,,,onomatopoeic or mimetic word,,
SENSE_ENG,1010450,"crispy
crunchy",,,,,,,,
SENSE_POL,1010450,"chrupiący
chrupki",,,,,,,,
SENSE_COMMON,1010450,,,"adjectival nouns or quasi-adjectives (keiyodoshi)
adverb (fukushi)
noun (common) (futsuumeishi)",,,,onomatopoeic or mimetic word,,
SENSE_ENG,1010450,"tearing
ripping
cracking",,,,,,,,
SENSE_POL,1010450,"rozdarcie
łamanie
kruszenie",,,,,,,,
SENSE_COMMON,1010450,,,"adjectival nouns or quasi-adjectives (keiyodoshi)
noun (common) (futsuumeishi)",,,,onomatopoeic or mimetic word,,
SENSE_ENG,1010450,"spirited
energetic
vigorous",,,,,,,,
SENSE_POL,1010450,"energiczny
pełen wigoru",,,,,,,,
SENSE_COMMON,1010450,,,"adjectival nouns or quasi-adjectives (keiyodoshi)
noun (common) (futsuumeishi)",,,,onomatopoeic or mimetic word,,
SENSE_ENG,1010450,"brand-new and high quality (clothing)
well-starched
crisp (bill)",,,,,,,,
SENSE_POL,1010450,"wysokiej jakości (odzież)
dobrze wykrochmalone
świeżo wyprasowany",,,,,,,,
END,1010450,,,,,,,,,
,,,,,,,,,,
,,,,,,,,,,
BEGIN,1121370,,,,,,,,,
READING,1121370,KATAKANA,ペロペロ,pero pero,-,,,,,
READING,1121370,HIRAGANA,ぺろぺろ,pero pero,-,,,,,
SENSE_COMMON,1121370,,,"adverb (fukushi)
adverb taking the 'to' particle",,,,onomatopoeic or mimetic word,,
SENSE_ENG,1121370,"licking
lapping up",,,,,,,,
SENSE_POL,1121370,"lizanie
oblizywanie się",,,,,,,,
SENSE_COMMON,1121370,,,"adverb (fukushi)
adverb taking the 'to' particle",,,,onomatopoeic or mimetic word,,
SENSE_ENG,1121370,"(eating up) quickly
gobbling up",,,,,,,,
SENSE_POL,1121370,"pożerać
pot. wcinać",,,,,,,,
END,1121370,,,,,,,,,
,,,,,,,,,,
,,,,,,,,,,
BEGIN,2084540,,,,,,,,,
READING,2084540,KATAKANA,カリカリ,kari kari,-,,,,,
READING,2084540,HIRAGANA,かりかり,kari kari,-,,,,,
SENSE_COMMON,2084540,,,"adjectival nouns or quasi-adjectives (keiyodoshi)
adverb taking the 'to' particle
adverb (fukushi)
noun or participle which takes the aux. verb suru",こりこり・1,,,onomatopoeic or mimetic word,,
SENSE_ENG,2084540,"crisp (e.g. potato chip, fried fish, etc.)
crunchy",,,,,,,,
SENSE_POL,2084540,"kruchy
chrupiący","np. chipsy ziemniaczane, smażona ryba itp.",,,,,,,
SENSE_COMMON,2084540,,,"adverb taking the 'to' particle
adverb (fukushi)
noun or participle which takes the aux. verb suru",,,,onomatopoeic or mimetic word,,
SENSE_ENG,2084540,"grumpily
touchily
edgily
irritably",,,,,,,,
SENSE_POL,2084540,"zrzędliwie
drażliwie
nerwowo
z irytacją
z rozdrażnieniem",,,,,,,,
SENSE_COMMON,2084540,,,"adverb taking the 'to' particle
adverb (fukushi)
noun or participle which takes the aux. verb suru",,,,onomatopoeic or mimetic word,,
SENSE_ENG,2084540,scratching,,,,,,,,
SENSE_POL,2084540,skreczowanie,dźwięk szorowania płyty winylowej,,,,,,,
END,2084540,,,,,,,,,
,,,,,,,,,,
,,,,,,,,,,
BEGIN,2007940,,,,,,,,,
READING,2007940,HIRAGANA,ぐつぐつ,gutsu gutsu,-,,,,,
READING,2007940,KATAKANA,グツグツ,gutsu gutsu,-,,,,,
SENSE_COMMON,2007940,,,"adverb (fukushi)
adverb taking the 'to' particle
noun or participle which takes the aux. verb suru",,,,onomatopoeic or mimetic word,,
SENSE_ENG,2007940,"simmering
(boiling) gently",,,,,,,,
SENSE_POL,2007940,"bulgotanie
wrzenie",np. w trakcie gotowania na wolnym ogniu,,,,,,,
END,2007940,,,,,,,,,
