7366,WORD_COMPANY_NAME,,HIRAGANA_KATAKANA,,,-,アーバス,,aabasu,Arbus,GOTOWE
4374,WORD_COMPANY_NAME,,HIRAGANA_KATAKANA,,,-,アイフル,,aifuru,Aiful (firma pożyczkowa),GOTOWE
4416,WORD_COMPANY_NAME,,HIRAGANA_KATAKANA,,,-,アイレム,,airemu,Irem,GOTOWE
4501,WORD_COMPANY_NAME,,HIRAGANA_KATAKANA,,,-,アウディ,,audi,Audi (firma motoryzacyjna),GOTOWE
4544,WORD_COMPANY_NAME,,HIRAGANA_KATAKANA,,,-,アエロフロート,,aerofurooto,Aeroflot,GOTOWE
4730,WORD_COMPANY_NAME,,HIRAGANA_KATAKANA,,,-,アコム,,akomu,Acom (firma pożyczkowa),GOTOWE
4999,WORD_COMPANY_NAME,,HIRAGANA_KATAKANA,,,-,アタリ,,atari,Atari,GOTOWE
5108,WORD_COMPANY_NAME,,HIRAGANA_KATAKANA,,,-,アップル,,appuru,Apple (firma komputerowa),GOTOWE
5159,WORD_COMPANY_NAME,,HIRAGANA_KATAKANA,,,-,アデランス,,aderansu,Aderans,GOTOWE
5207,WORD_COMPANY_NAME,,HIRAGANA_KATAKANA,,,-,アドバンテスト,,adobantesuto,Advantest,GOTOWE
5209,WORD_COMPANY_NAME,,HIRAGANA_KATAKANA,,,-,アドビシステムズ,,adobishisutemuzu,Adobe Systems,GOTOWE
5643,WORD_COMPANY_NAME,,HIRAGANA_KATAKANA,,,-,アマゾン・ドット・コム,,amazondottokomu,Amazon.com,GOTOWE
5642,WORD_COMPANY_NAME,,HIRAGANA_KATAKANA,,,-,アマゾンドットコム,,amazondottokomu,Amazon.com,GOTOWE
5699,WORD_COMPANY_NAME,,HIRAGANA_KATAKANA,,,-,アミューズメントヴィジョン,,amyuuzumentovijon,Amusement Vision (Sega studio),GOTOWE
5768,WORD_COMPANY_NAME,,HIRAGANA_KATAKANA,,,-,アメリカン・インターナショナル・グループ,,amerikan'intaanashonaruguruupu,American International Group,GOTOWE
5769,WORD_COMPANY_NAME,,HIRAGANA_KATAKANA,,,-,アメリカン・エキスプレス,,amerikan'ekisupuresu,American Express,GOTOWE
5765,WORD_COMPANY_NAME,,HIRAGANA_KATAKANA,,,-,アメリカンインターナショナルグループ,,amerikan'intaanashonaruguruupu,American International Group,GOTOWE
5766,WORD_COMPANY_NAME,,HIRAGANA_KATAKANA,,,-,アメリカンエキスプレス,,amerikan'ekisupuresu,American Express,GOTOWE
229,WORD_COMPANY_NAME,,HIRAGANA_KATAKANA,,,-,あやしいわーるど,,ayashiiwaarudo,nieistniejący japoński podziemny BBS,GOTOWE
5996,WORD_COMPANY_NAME,,HIRAGANA_KATAKANA,,,-,アリコジャパン,,arikojapan,Alico Japan (firma ubezpieczeniowa),GOTOWE
6570,WORD_COMPANY_NAME,,HIRAGANA_KATAKANA,,,-,アル・ジャジーラ,,arujajiira,Al Jazeera,GOTOWE
6191,WORD_COMPANY_NAME,,HIRAGANA_KATAKANA,,,-,アルジャジーラ,,arujajiira,Al Jazeera,GOTOWE
8710,WORD_COMPANY_NAME,,HIRAGANA_KATAKANA,,,-,イヴサンローラン,,ivusanrooran,Yves Saint-Laurent (nazwa marki),GOTOWE
8067,WORD_COMPANY_NAME,,HIRAGANA_KATAKANA,,,-,イトーヨーカドー,,itooyookadoo,Ito-Yokado,GOTOWE
8166,WORD_COMPANY_NAME,,HIRAGANA_KATAKANA,,,-,イブサンローラン,,ibusanrooran,Yves Saint-Laurent (nazwa marki),GOTOWE
8448,WORD_COMPANY_NAME,,HIRAGANA_KATAKANA,,,-,イルミナ,,irumina,Illumina,GOTOWE
8662,WORD_COMPANY_NAME,,HIRAGANA_KATAKANA,,,-,インフィニオン,,infinion,Infineon,GOTOWE
10983,WORD_COMPANY_NAME,,HIRAGANA_KATAKANA,,,-,ウールワース,,uuruwaasu,Woolworth Co.,GOTOWE
9868,WORD_COMPANY_NAME,,HIRAGANA_KATAKANA,,,-,ウェーブマスター,,weebumasutaa,Wave Master (studio Segi),GOTOWE
9905,WORD_COMPANY_NAME,,HIRAGANA_KATAKANA,,,-,ウエスコ,,uesuko,"Wesco, Inc.",GOTOWE
9702,WORD_COMPANY_NAME,,HIRAGANA_KATAKANA,,,-,ウェブリオ,,weburio,Weblio (strona ze słownikiem),GOTOWE
9780,WORD_COMPANY_NAME,,HIRAGANA_KATAKANA,,,-,ウェルファイド,,werufaido,Welfide Corporation,GOTOWE
9818,WORD_COMPANY_NAME,,HIRAGANA_KATAKANA,,,-,ウェンディーズ,,wendiizu,Wendy's,GOTOWE
10241,WORD_COMPANY_NAME,,HIRAGANA_KATAKANA,,,-,ウォールストリート・ジャーナル,,woorusutoriitojaanaru,Wall Street Journal,GOTOWE
10240,WORD_COMPANY_NAME,,HIRAGANA_KATAKANA,,,-,ウォールストリートジャーナル,,woorusutoriitojaanaru,Wall Street Journal,GOTOWE
80507,WORD_COMPANY_NAME,,HIRAGANA_KATAKANA,,,-,ヴォーレ,,voore,Vale (Companhia Vale do Rio Doce SA),
12849,WORD_COMPANY_NAME,,HIRAGANA_KATAKANA,,,-,エーザイ,,eezai,Eisai (Japanese pharmaceutical company),
11008,WORD_COMPANY_NAME,,HIRAGANA_KATAKANA,,,-,エア・タヒチ,,eatahichi,Air Tahiti,GOTOWE
11009,WORD_COMPANY_NAME,,HIRAGANA_KATAKANA,,,-,エア・タヒチ・ヌイ,,eatahichinui,Air Tahiti Nui,GOTOWE
11014,WORD_COMPANY_NAME,,HIRAGANA_KATAKANA,,,-,エアーニッポン,,eaanippon,Air Nippon,GOTOWE
10991,WORD_COMPANY_NAME,,HIRAGANA_KATAKANA,,,-,エアタヒチ,,eatahichi,Air Tahiti,GOTOWE
10992,WORD_COMPANY_NAME,,HIRAGANA_KATAKANA,,,-,エアタヒチヌイ,,eatahichinui,Air Tahiti Nui,GOTOWE
11004,WORD_COMPANY_NAME,,HIRAGANA_KATAKANA,,,-,エアリンガス,,earingasu,Aer Lingus,GOTOWE
11033,WORD_COMPANY_NAME,,HIRAGANA_KATAKANA,,,-,エイサー,,eisaa,Acer,GOTOWE
11086,WORD_COMPANY_NAME,,HIRAGANA_KATAKANA,,,-,エイベックス,,eibekkusu,Avex Entertainment Inc.,GOTOWE
12803,WORD_COMPANY_NAME,,HIRAGANA_KATAKANA,,,-,エヴァンゲリオン,,evangerion,Neon Genesis Evangelion (media franchise),
11207,WORD_COMPANY_NAME,,HIRAGANA_KATAKANA,,,-,エクソン・モービル,,ekusonmoobiru,Exxon Mobil,GOTOWE
11206,WORD_COMPANY_NAME,,HIRAGANA_KATAKANA,,,-,エクソンモービル,,ekusonmoobiru,Exxon Mobil,GOTOWE
11471,WORD_COMPANY_NAME,,HIRAGANA_KATAKANA,,,-,エス・エヌ・ケイ,,esuenukei,SNK,GOTOWE
11323,WORD_COMPANY_NAME,,HIRAGANA_KATAKANA,,,-,エスエヌケイ,,esuenukei,SNK,GOTOWE
11465,WORD_COMPANY_NAME,,HIRAGANA_KATAKANA,,,-,エスモード,,esumoodo,Esmod (fashion course trainer),
11791,WORD_COMPANY_NAME,,HIRAGANA_KATAKANA,,,-,エニックス,,enikkusu,Enix (now Square Enix),
11944,WORD_COMPANY_NAME,,HIRAGANA_KATAKANA,,,-,エプソン,,epuson,Epson,GOTOWE
12391,WORD_COMPANY_NAME,,HIRAGANA_KATAKANA,,,-,エルパイス,,erupaisu,El Pais (Spanish newspaper),
14356,WORD_COMPANY_NAME,,HIRAGANA_KATAKANA,,,-,オーバーワークス,,oobaawaakusu,Overworks (studio Segi),
13780,WORD_COMPANY_NAME,,HIRAGANA_KATAKANA,,,-,オリックス,,orikkusu,Orix (Japanese finance conglomerate),
13833,WORD_COMPANY_NAME,,HIRAGANA_KATAKANA,,,-,オリンパス,,orinpasu,Olympus (Japanese optics & imaging company),
15326,WORD_COMPANY_NAME,,HIRAGANA_KATAKANA,,,-,カナダドライ,,kanadadorai,Canada Dry,
15405,WORD_COMPANY_NAME,,HIRAGANA_KATAKANA,,,-,カネボウ,,kanebou,Kanebo (Japanese cosmetic company),
15572,WORD_COMPANY_NAME,,HIRAGANA_KATAKANA,,,-,カプコン,,kapukon,Capcom (abbr: Capsule Computer),
18281,WORD_COMPANY_NAME,,HIRAGANA_KATAKANA,,,-,キャセイパシフィック,,kyaseipashifikku,Cathay Pacific,
18600,WORD_COMPANY_NAME,,HIRAGANA_KATAKANA,,,-,キリン,,kirin,Kirin,
19458,WORD_COMPANY_NAME,,HIRAGANA_KATAKANA,,,-,クエーカーオーツ,,kueekaaootsu,Quaker Oats,
22072,WORD_COMPANY_NAME,,HIRAGANA_KATAKANA,,,-,グリコ,,guriko,Glico (Japanese confection brand),
26118,WORD_COMPANY_NAME,,HIRAGANA_KATAKANA,,,-,ゴールドマン・サックス,,goorudomansakkusu,Goldman Sachs,GOTOWE
26117,WORD_COMPANY_NAME,,HIRAGANA_KATAKANA,,,-,ゴールドマンサックス,,goorudomansakkusu,Goldman Sachs,GOTOWE
26120,WORD_COMPANY_NAME,,HIRAGANA_KATAKANA,,,-,ゴールドリング,,goorudoringu,Goldring (UK audio company),
25519,WORD_COMPANY_NAME,,HIRAGANA_KATAKANA,,,-,コールバーグ・クラビス・ロバーツ,,koorubaagukurabisurobaatsu,Kohlberg Kravis Roberts & Co.,GOTOWE
25518,WORD_COMPANY_NAME,,HIRAGANA_KATAKANA,,,-,コールバーグクラビスロバーツ,,koorubaagukurabisurobaatsu,Kohlberg Kravis Roberts & Co.,GOTOWE
24306,WORD_COMPANY_NAME,,HIRAGANA_KATAKANA,,,-,コナミ,,konami,Konami,GOTOWE
24321,WORD_COMPANY_NAME,,HIRAGANA_KATAKANA,,,-,コニカミノルタ,,konikaminoruta,Konica Minolta,GOTOWE
24642,WORD_COMPANY_NAME,,HIRAGANA_KATAKANA,,,-,コリエレ・デラ・セラ,,korierederasera,Corriere Della Sera (Italian newspaper),
24641,WORD_COMPANY_NAME,,HIRAGANA_KATAKANA,,,-,コリエレデラセラ,,korierederasera,Corriere Della Sera (Italian newspaper),
25228,WORD_COMPANY_NAME,,HIRAGANA_KATAKANA,,,-,コンパイル,,konpairu,Compile,
25235,WORD_COMPANY_NAME,,HIRAGANA_KATAKANA,,,-,コンビタ,,konbita,Comvita,
26141,WORD_COMPANY_NAME,,HIRAGANA_KATAKANA,,,-,サイのツノ,,sainotsuno,Sai no Tsuno (curry shop!),
26485,WORD_COMPANY_NAME,,HIRAGANA_KATAKANA,,,-,サッポロ,,sapporo,Sapporo (piwo),GOTOWE
27692,WORD_COMPANY_NAME,,HIRAGANA_KATAKANA,,,-,サンミュージック,,sanmyuujikku,Sun Music,GOTOWE
28458,WORD_COMPANY_NAME,,HIRAGANA_KATAKANA,,,-,シェブロン・テキサコ,,sheburontekisako,Chevron Texaco,GOTOWE
28457,WORD_COMPANY_NAME,,HIRAGANA_KATAKANA,,,-,シェブロンテキサコ,,sheburontekisako,Chevron Texaco,GOTOWE
31798,WORD_COMPANY_NAME,,HIRAGANA_KATAKANA,,,-,ジクシス,,jikushisu,Zixsys Inc,GOTOWE
28841,WORD_COMPANY_NAME,,HIRAGANA_KATAKANA,,,-,シスコン,,shisukon,Syscom,GOTOWE
28960,WORD_COMPANY_NAME,,HIRAGANA_KATAKANA,,,-,シティグループ,,shitiguruupu,Citigroup,GOTOWE
32158,WORD_COMPANY_NAME,,HIRAGANA_KATAKANA,,,-,ジャパンエナジー,,japan'enajii,Japan Energy Corporation,GOTOWE
32161,WORD_COMPANY_NAME,,HIRAGANA_KATAKANA,,,-,ジャパンナレッジ,,japannarejji,Japan Knowledge,GOTOWE
32255,WORD_COMPANY_NAME,,HIRAGANA_KATAKANA,,,-,ジャレコ,,jareko,Jaleco (video game company) and Jaleco Holdings Ltd.,
32597,WORD_COMPANY_NAME,,HIRAGANA_KATAKANA,,,-,ジュートドイチェ・ツァイトゥング,,juutodoichetsaitungu,Suddeutsche Zeitung (German newspaper),
32596,WORD_COMPANY_NAME,,HIRAGANA_KATAKANA,,,-,ジュートドイチェツァイトゥング,,juutodoichetsaitungu,Suddeutsche Zeitung (German newspaper),
32884,WORD_COMPANY_NAME,,HIRAGANA_KATAKANA,,,-,ジョンソン・エンド・ジョンソン,,jonson'endojonson,Johnson & Johnson,GOTOWE
32880,WORD_COMPANY_NAME,,HIRAGANA_KATAKANA,,,-,ジョンソンエンドジョンソン,,jonson'endojonson,Johnson & Johnson,GOTOWE
30977,WORD_COMPANY_NAME,,HIRAGANA_KATAKANA,,,-,シルク・ドゥ・ソレイユ,,shirukudusoreiyu,Cirque du Soleil,GOTOWE
30974,WORD_COMPANY_NAME,,HIRAGANA_KATAKANA,,,-,シルクドゥソレイユ,,shirukudusoreiyu,Cirque du Soleil,GOTOWE
31135,WORD_COMPANY_NAME,,HIRAGANA_KATAKANA,,,-,シンガポール・テレコム,,shingapooruterekomu,Singapore Telecom,GOTOWE
31134,WORD_COMPANY_NAME,,HIRAGANA_KATAKANA,,,-,シンガポールテレコム,,shingapooruterekomu,Singapore Telecom,GOTOWE
33421,WORD_COMPANY_NAME,,HIRAGANA_KATAKANA,,,-,スカイパーフェクト・コミュニケーションズ,,sukaipaafekutokomyunikeeshonzu,SKY Perfect Communications,GOTOWE
33420,WORD_COMPANY_NAME,,HIRAGANA_KATAKANA,,,-,スカイパーフェクトコミュニケーションズ,,sukaipaafekutokomyunikeeshonzu,SKY Perfect Communications,GOTOWE
33587,WORD_COMPANY_NAME,,HIRAGANA_KATAKANA,,,-,スクウェア,,sukuwea,Square (obecnie Square Enix),GOTOWE
33589,WORD_COMPANY_NAME,,HIRAGANA_KATAKANA,,,-,スクウェア・エニックス,,sukuweaenikkusu,Square Enix,GOTOWE
33588,WORD_COMPANY_NAME,,HIRAGANA_KATAKANA,,,-,スクウェアエニックス,,sukuweaenikkusu,Square Enix,GOTOWE
33783,WORD_COMPANY_NAME,,HIRAGANA_KATAKANA,,,-,スズキ,,suzuki,Suzuki (Japanese automobile and motorcycle manufacturer),
34019,WORD_COMPANY_NAME,,HIRAGANA_KATAKANA,,,-,スターゼン,,sutaazen,"Starzen Co., Ltd.",GOTOWE
33843,WORD_COMPANY_NAME,,HIRAGANA_KATAKANA,,,-,スタジオジブリ,,sutajiojiburi,Studio Ghibli,GOTOWE
34613,WORD_COMPANY_NAME,,HIRAGANA_KATAKANA,,,-,ストレーツ・タイムズ,,sutoreetsutaimuzu,The Straits Times (Singaporean newspaper),
34612,WORD_COMPANY_NAME,,HIRAGANA_KATAKANA,,,-,ストレーツタイムズ,,sutoreetsutaimuzu,The Straits Times (Singaporean newspaper),
34792,WORD_COMPANY_NAME,,HIRAGANA_KATAKANA,,,-,スバル,,subaru,Subaru,GOTOWE
35092,WORD_COMPANY_NAME,,HIRAGANA_KATAKANA,,,-,スペースアルク,,supeesuaruku,Space ALC,
35135,WORD_COMPANY_NAME,,HIRAGANA_KATAKANA,,,-,スポーツニッポン,,supootsunippon,Sports Nippon (newspaper),
35126,WORD_COMPANY_NAME,,HIRAGANA_KATAKANA,,,-,スポニチ,,suponichi,(abbr) Sports Nippon (newspaper),
35150,WORD_COMPANY_NAME,,HIRAGANA_KATAKANA,,,-,スマイルビット,,sumairubitto,Smilebit (studio Segi),
35835,WORD_COMPANY_NAME,,HIRAGANA_KATAKANA,,,-,セイコー,,seikoo,Seiko,GOTOWE
35836,WORD_COMPANY_NAME,,HIRAGANA_KATAKANA,,,-,セイコーウオッチ,,seikoouocchi,Seiko Watch,GOTOWE
35883,WORD_COMPANY_NAME,,HIRAGANA_KATAKANA,,,-,セガ,,sega,Sega (abbr: Service Games),
35892,WORD_COMPANY_NAME,,HIRAGANA_KATAKANA,,,-,セガ・エイエムツー,,segaeiemutsuu,Sega-AM2 (studio Segi),
35893,WORD_COMPANY_NAME,,HIRAGANA_KATAKANA,,,-,セガ・エンタープライゼス,,segaentaapuraizesu,Sega Enterprises (Now Sega Corp.),
35894,WORD_COMPANY_NAME,,HIRAGANA_KATAKANA,,,-,セガ・ロッソ,,segarosso,Sega Rosso (studio Segi),
35884,WORD_COMPANY_NAME,,HIRAGANA_KATAKANA,,,-,セガエイエムツー,,segaeiemutsuu,Sega-AM2 (studio Segi),
35885,WORD_COMPANY_NAME,,HIRAGANA_KATAKANA,,,-,セガエンタープライゼス,,segaentaapuraizesu,Sega Enterprises (Now Sega Corp.),
35889,WORD_COMPANY_NAME,,HIRAGANA_KATAKANA,,,-,セガロッソ,,segarosso,Sega Rosso (studio Segi),
36646,WORD_COMPANY_NAME,,HIRAGANA_KATAKANA,,,-,ゼネラル・エレクトリック,,zeneraruerekutorikku,General Electric,
36647,WORD_COMPANY_NAME,,HIRAGANA_KATAKANA,,,-,ゼネラル・モーターズ,,zenerarumootaazu,General Motors,
36644,WORD_COMPANY_NAME,,HIRAGANA_KATAKANA,,,-,ゼネラルエレクトリック,,zeneraruerekutorikku,General Electric,
36645,WORD_COMPANY_NAME,,HIRAGANA_KATAKANA,,,-,ゼネラルモーターズ,,zenerarumootaazu,General Motors,
36132,WORD_COMPANY_NAME,,HIRAGANA_KATAKANA,,,-,セブンアンドワイ,,sebun'andowai,Seven & Y (online shopping service),
1709,WORD_COMPANY_NAME,,HIRAGANA_KATAKANA,,,-,そごう,,sogou,Sogo (Japanese department store chain),
36901,WORD_COMPANY_NAME,,HIRAGANA_KATAKANA,,,-,ソニーエリクソン,,soniierikuson,Sony Ericsson,
36897,WORD_COMPANY_NAME,,HIRAGANA_KATAKANA,,,-,ソニックチーム,,sonikkuchiimu,Sonicteam (studio Segi),
36950,WORD_COMPANY_NAME,,HIRAGANA_KATAKANA,,,-,ソブテック,,sobutekku,Sovtek (Russian vacuum tube manufacturer's name),
36940,WORD_COMPANY_NAME,,HIRAGANA_KATAKANA,,,-,ソフトバンク,,sofutobanku,SoftBank (Japanese telecommunications company),
36941,WORD_COMPANY_NAME,,HIRAGANA_KATAKANA,,,-,ソフトバンクモバイル,,sofutobankumobairu,Softbank Mobile,
37410,WORD_COMPANY_NAME,,HIRAGANA_KATAKANA,,,-,タイトー,,taitoo,Taito,
38329,WORD_COMPANY_NAME,,HIRAGANA_KATAKANA,,,-,ダイハツ,,daihatsu,Daihatsu (Japanese automobile manufacturer),
37431,WORD_COMPANY_NAME,,HIRAGANA_KATAKANA,,,-,タイムズ,,taimuzu,The Times (British newspaper),
37434,WORD_COMPANY_NAME,,HIRAGANA_KATAKANA,,,-,タイメックス,,taimekkusu,Timex Corporation,
38483,WORD_COMPANY_NAME,,HIRAGANA_KATAKANA,,,-,ダッジ,,dajji,Dodge (car company),
38107,WORD_COMPANY_NAME,,HIRAGANA_KATAKANA,,,-,タワー・レコード,,tawaarekoodo,Tower Records,
38106,WORD_COMPANY_NAME,,HIRAGANA_KATAKANA,,,-,タワーレコード,,tawaarekoodo,Tower Records,
38104,WORD_COMPANY_NAME,,HIRAGANA_KATAKANA,,,-,タワレコ,,tawareko,(abbr) Tower Records,
43305,WORD_COMPANY_NAME,,HIRAGANA_KATAKANA,,,-,デーリー・メール,,deeriimeeru,Daily Mail (British newspaper),
43303,WORD_COMPANY_NAME,,HIRAGANA_KATAKANA,,,-,デーリーメール,,deeriimeeru,Daily Mail (British newspaper),
41071,WORD_COMPANY_NAME,,HIRAGANA_KATAKANA,,,-,ティムホートンズ,,timuhootonzu,Tim Hortons (Canadian doughnut chain),
41286,WORD_COMPANY_NAME,,HIRAGANA_KATAKANA,,,-,テキサス・インスツルメンツ,,tekisasuinsutsurumentsu,Texas Instruments,
41284,WORD_COMPANY_NAME,,HIRAGANA_KATAKANA,,,-,テキサスインスツルメンツ,,tekisasuinsutsurumentsu,Texas Instruments,
41296,WORD_COMPANY_NAME,,HIRAGANA_KATAKANA,,,-,テクノス,,tekunosu,Technos Japan Corporation,
41297,WORD_COMPANY_NAME,,HIRAGANA_KATAKANA,,,-,テクノポート,,tekunopooto,Technoport,
41298,WORD_COMPANY_NAME,,HIRAGANA_KATAKANA,,,-,テクモ,,tekumo,Tecmo (video game company and publisher),
43161,WORD_COMPANY_NAME,,HIRAGANA_KATAKANA,,,-,デンオン,,den'on,Denon,
43174,WORD_COMPANY_NAME,,HIRAGANA_KATAKANA,,,-,デンソー,,densoo,Denso (automotive components manufacture),
43322,WORD_COMPANY_NAME,,HIRAGANA_KATAKANA,,,-,トイザらス,,toizarasu,Toys R Us (toy retailer),
43323,WORD_COMPANY_NAME,,HIRAGANA_KATAKANA,,,-,トイザラス,,toizarasu,Toys R Us (toy retailer),
44321,WORD_COMPANY_NAME,,HIRAGANA_KATAKANA,,,-,トレジャー,,torejaa,Treasure,
45754,WORD_COMPANY_NAME,,HIRAGANA_KATAKANA,,,-,ドンキ,,donki,Don Quijote (abbr) (discount chain store),
45755,WORD_COMPANY_NAME,,HIRAGANA_KATAKANA,,,-,ドンキホーテ,,donkihoote,"Don Quixote (book)
Don Quijote (discount chain store)",
46047,WORD_COMPANY_NAME,,HIRAGANA_KATAKANA,,,-,ナカライテスク,,nakaraitesuku,Nacalai Tesque,
46317,WORD_COMPANY_NAME,,HIRAGANA_KATAKANA,,,-,ナビックスライン,,nabikkusurain,Navix Line Ltd,GOTOWE
46386,WORD_COMPANY_NAME,,HIRAGANA_KATAKANA,,,-,ナムコ,,namuko,Namco,GOTOWE
46728,WORD_COMPANY_NAME,,HIRAGANA_KATAKANA,,,-,ニコン,,nikon,Nikon,GOTOWE
46785,WORD_COMPANY_NAME,,HIRAGANA_KATAKANA,,,-,ニッカウィスキー,,nikkawisukii,Nikka Whisky,GOTOWE
46801,WORD_COMPANY_NAME,,HIRAGANA_KATAKANA,,,-,ニッサン,,nissan,Nissan (japońska firma motoryzacyjna),GOTOWE
46840,WORD_COMPANY_NAME,,HIRAGANA_KATAKANA,,,-,ニフティ,,nifuti,Nifty Corporation,GOTOWE
47077,WORD_COMPANY_NAME,,HIRAGANA_KATAKANA,,,-,ニンテンド,,nintendo,Nintendo,GOTOWE
47079,WORD_COMPANY_NAME,,HIRAGANA_KATAKANA,,,-,ニンテンドー,,nintendoo,Nintendo,GOTOWE
47078,WORD_COMPANY_NAME,,HIRAGANA_KATAKANA,,,-,ニンテンドウ,,nintendou,Nintendo,GOTOWE
47472,WORD_COMPANY_NAME,,HIRAGANA_KATAKANA,,,-,ネットスケープコ・ミュニケーションズ,,nettosukeepukomyunikeeshonzu,Netscape Communications Corp.,GOTOWE
47471,WORD_COMPANY_NAME,,HIRAGANA_KATAKANA,,,-,ネットスケープコミュニケーションズ,,nettosukeepukomyunikeeshonzu,Netscape Communications Corp.,GOTOWE
47547,WORD_COMPANY_NAME,,HIRAGANA_KATAKANA,,,-,ネペンター,,nepentaa,Nepenta (band name?),
47771,WORD_COMPANY_NAME,,HIRAGANA_KATAKANA,,,-,ノキア,,nokia,Nokia Corp.,GOTOWE
47864,WORD_COMPANY_NAME,,HIRAGANA_KATAKANA,,,-,ノバルティス,,nobarutisu,Novartis Pharma,
51109,WORD_COMPANY_NAME,,HIRAGANA_KATAKANA,,,-,バークレイズ,,baakureizu,Barclays,
48676,WORD_COMPANY_NAME,,HIRAGANA_KATAKANA,,,-,ハッシュパピー,,hasshupapii,Hush Puppies (brand of shoes),
48687,WORD_COMPANY_NAME,,HIRAGANA_KATAKANA,,,-,ハッセルブラッド,,hasseruburaddo,Hasselblad,
51837,WORD_COMPANY_NAME,,HIRAGANA_KATAKANA,,,-,パナソニック,,panasonikku,Panasonic,
48831,WORD_COMPANY_NAME,,HIRAGANA_KATAKANA,,,-,ハネウエル,,haneueru,Honeywell,
50842,WORD_COMPANY_NAME,,HIRAGANA_KATAKANA,,,-,バローズ,,baroozu,Burroughs Corporation,
50897,WORD_COMPANY_NAME,,HIRAGANA_KATAKANA,,,-,バンコクポスト,,bankokuposuto,Bangkok Post (Thai newspaper),
50940,WORD_COMPANY_NAME,,HIRAGANA_KATAKANA,,,-,バンダイ,,bandai,Bandai,
53870,WORD_COMPANY_NAME,,HIRAGANA_KATAKANA,,,-,ビーチクラフト,,biichikurafuto,Beechcraft,
53228,WORD_COMPANY_NAME,,HIRAGANA_KATAKANA,,,-,ビズ・メディア,,bizumedia,Viz Media,
53226,WORD_COMPANY_NAME,,HIRAGANA_KATAKANA,,,-,ビズメディア,,bizumedia,Viz Media,
53284,WORD_COMPANY_NAME,,HIRAGANA_KATAKANA,,,-,ビックカメラ,,bikkukamera,Bic Camera (Japanese electronics retail chain),
52618,WORD_COMPANY_NAME,,HIRAGANA_KATAKANA,,,-,ヒットメーカー,,hittomeekaa,Hitmaker (studio Segi),GOTOWE
53424,WORD_COMPANY_NAME,,HIRAGANA_KATAKANA,,,-,ビバリー,,bibarii,Beverley Enterprises Inc.,GOTOWE
57589,WORD_COMPANY_NAME,,HIRAGANA_KATAKANA,,,-,フーターズ,,fuutaazu,Hooters,GOTOWE
58786,WORD_COMPANY_NAME,,HIRAGANA_KATAKANA,,,-,ブーディカ,,buudika,Boudica,GOTOWE
55040,WORD_COMPANY_NAME,,HIRAGANA_KATAKANA,,,-,ファーストクレジット,,faasutokurejitto,First Credit Corporation,GOTOWE
54600,WORD_COMPANY_NAME,,HIRAGANA_KATAKANA,,,-,ファイザー,,faizaa,Pfizer,GOTOWE
57644,WORD_COMPANY_NAME,,HIRAGANA_KATAKANA,,,-,ブァンク・オブ・アメリカ,,buankuobuamerika,Bank of America,GOTOWE
57643,WORD_COMPANY_NAME,,HIRAGANA_KATAKANA,,,-,ブァンクオブアメリカ,,buankuobuamerika,Bank of America,GOTOWE
55158,WORD_COMPANY_NAME,,HIRAGANA_KATAKANA,,,-,フィガロ,,figaro,Figaro,GOTOWE
56391,WORD_COMPANY_NAME,,HIRAGANA_KATAKANA,,,-,フォートラベル,,footoraberu,4Travel,GOTOWE
56502,WORD_COMPANY_NAME,,HIRAGANA_KATAKANA,,,-,フジ,,fuji,Fuji,GOTOWE
56508,WORD_COMPANY_NAME,,HIRAGANA_KATAKANA,,,-,フジテレビ,,fujiterebi,Fuji Television,GOTOWE
56509,WORD_COMPANY_NAME,,HIRAGANA_KATAKANA,,,-,フジテレビジョン,,fujiterebijon,Fuji Television,GOTOWE
56511,WORD_COMPANY_NAME,,HIRAGANA_KATAKANA,,,-,フジパシフィック,,fujipashifikku,Fuji Pacific,GOTOWE
59000,WORD_COMPANY_NAME,,HIRAGANA_KATAKANA,,,-,プフィッツァー,,pufittsaa,Pfizer (incorrect katakana),
59041,WORD_COMPANY_NAME,,HIRAGANA_KATAKANA,,,-,プライマス,,puraimasu,Primus,
57908,WORD_COMPANY_NAME,,HIRAGANA_KATAKANA,,,-,ブラザー,,burazaa,Brother,
57063,WORD_COMPANY_NAME,,HIRAGANA_KATAKANA,,,-,フリースケール,,furiisukeeru,Freescale,
58174,WORD_COMPANY_NAME,,HIRAGANA_KATAKANA,,,-,ブリヂストン,,buridisuton,Bridgestone,GOTOWE
59658,WORD_COMPANY_NAME,,HIRAGANA_KATAKANA,,,-,プロミス,,puromisu,Promise (consumer loan firm),
61579,WORD_COMPANY_NAME,,HIRAGANA_KATAKANA,,,-,ペイパル,,peiparu,PayPal,GOTOWE
60892,WORD_COMPANY_NAME,,HIRAGANA_KATAKANA,,,-,ベネッセコーポレーション,,benessekooporeeshon,Benesse Corporation,
60946,WORD_COMPANY_NAME,,HIRAGANA_KATAKANA,,,-,ベライゾン,,beraizon,Verizon,
61216,WORD_COMPANY_NAME,,HIRAGANA_KATAKANA,,,-,ベルファ,,berufa,Bellfa (chain of grocery stores in Japan),
63440,WORD_COMPANY_NAME,,HIRAGANA_KATAKANA,,,-,ボルサリーノ,,borusariino,Borsalino (Italian hat maker),
64604,WORD_COMPANY_NAME,,HIRAGANA_KATAKANA,,,-,マイカル,,maikaru,Mycal (supermarket chain),
64615,WORD_COMPANY_NAME,,HIRAGANA_KATAKANA,,,-,マイクロソフト,,maikurosofuto,Microsoft,
64636,WORD_COMPANY_NAME,,HIRAGANA_KATAKANA,,,-,マイコミジャーナル,,maikomijaanaru,Mycom journal (online computer magazine),
65032,WORD_COMPANY_NAME,,HIRAGANA_KATAKANA,,,-,マクセル,,makuseru,Maxell,
65263,WORD_COMPANY_NAME,,HIRAGANA_KATAKANA,,,-,マグローヒル,,maguroohiru,McGraw Hill,
65260,WORD_COMPANY_NAME,,HIRAGANA_KATAKANA,,,-,マグロウヒル,,magurouhiru,McGraw Hill,
65309,WORD_COMPANY_NAME,,HIRAGANA_KATAKANA,,,-,マコーミック,,makoomikku,"McCormick and Company, Inc.",
66003,WORD_COMPANY_NAME,,HIRAGANA_KATAKANA,,,-,マツダ,,matsuda,Mazda (car company),
67780,WORD_COMPANY_NAME,,HIRAGANA_KATAKANA,,,-,ミサワホーム,,misawahoomu,Misawa Homes,
68062,WORD_COMPANY_NAME,,HIRAGANA_KATAKANA,,,-,ミネベア,,minebea,Minebea,
68079,WORD_COMPANY_NAME,,HIRAGANA_KATAKANA,,,-,ミノルタ,,minoruta,Minolta (camera brand),
68441,WORD_COMPANY_NAME,,HIRAGANA_KATAKANA,,,-,ミレアホールディングス,,mireahoorudingusu,Millea Holdings,
69521,WORD_COMPANY_NAME,,HIRAGANA_KATAKANA,,,-,メモレックス,,memorekkusu,Memorex,
70206,WORD_COMPANY_NAME,,HIRAGANA_KATAKANA,,,-,モトローラ,,motoroora,Motorola,
70410,WORD_COMPANY_NAME,,HIRAGANA_KATAKANA,,,-,モリタポ,,moritapo,Moritapo,
70450,WORD_COMPANY_NAME,,HIRAGANA_KATAKANA,,,-,モルガン・スタンレー,,morugansutanree,Morgan Stanley,
70448,WORD_COMPANY_NAME,,HIRAGANA_KATAKANA,,,-,モルガンスタンレー,,morugansutanree,Morgan Stanley,
71061,WORD_COMPANY_NAME,,HIRAGANA_KATAKANA,,,-,ヤクルト,,yakuruto,Yakult (Japanese probiotics company),
71212,WORD_COMPANY_NAME,,HIRAGANA_KATAKANA,,,-,ヤフー,,yafuu,Yahoo!,GOTOWE
71521,WORD_COMPANY_NAME,,HIRAGANA_KATAKANA,,,-,ユナイテッド・ゲーム・アーティスツ,,yunaiteddogeemuaatisutsu,United Game Artists (studio Segi),
71520,WORD_COMPANY_NAME,,HIRAGANA_KATAKANA,,,-,ユナイテッドゲームアーティスツ,,yunaiteddogeemuaatisutsu,United Game Artists (studio Segi),
71533,WORD_COMPANY_NAME,,HIRAGANA_KATAKANA,,,-,ユニクロ,,yunikuro,UNIQLO (Japanese clothing retailer),
71866,WORD_COMPANY_NAME,,HIRAGANA_KATAKANA,,,-,ヨドバシカメラ,,yodobashikamera,Yodobashi Camera (Japanese electronics retail chain),
72080,WORD_COMPANY_NAME,,HIRAGANA_KATAKANA,,,-,ライジングドリーム,,raijingudoriimu,"RisingDream Co., Ltd",
72176,WORD_COMPANY_NAME,,HIRAGANA_KATAKANA,,,-,ライブドア,,raibudoa,Livedoor,
73931,WORD_COMPANY_NAME,,HIRAGANA_KATAKANA,,,-,ランボルギーニ,,ranborugiini,Lamborghini (car company),
75579,WORD_COMPANY_NAME,,HIRAGANA_KATAKANA,,,-,リーマン・ブラザーズ,,riimanburazaazu,Lehman Brothers,
75578,WORD_COMPANY_NAME,,HIRAGANA_KATAKANA,,,-,リーマンブラザーズ,,riimanburazaazu,Lehman Brothers,
3929,WORD_COMPANY_NAME,,HIRAGANA_KATAKANA,,,-,りそな,,risona,Resona,
76079,WORD_COMPANY_NAME,,HIRAGANA_KATAKANA,,,-,ルネサス,,runesasu,Renesas,
76170,WORD_COMPANY_NAME,,HIRAGANA_KATAKANA,,,-,ルフトハンザ,,rufutohanza,Lufthansa,GOTOWE
77171,WORD_COMPANY_NAME,,HIRAGANA_KATAKANA,,,-,レネサス・テクノロジー,,renesasutekunorojii,Renesas Technology,
77170,WORD_COMPANY_NAME,,HIRAGANA_KATAKANA,,,-,レネサステクノロジー,,renesasutekunorojii,Renesas Technology,
77321,WORD_COMPANY_NAME,,HIRAGANA_KATAKANA,,,-,レベル,,reberu,Revell,
77843,WORD_COMPANY_NAME,,HIRAGANA_KATAKANA,,,-,ロイヤル・ダッチ・シェル・グループ,,roiyarudacchisheruguruupu,Royal Dutch-Shell Group,
77841,WORD_COMPANY_NAME,,HIRAGANA_KATAKANA,,,-,ロイヤルダッチシェルグループ,,roiyarudacchisheruguruupu,Royal Dutch-Shell Group,
78271,WORD_COMPANY_NAME,,HIRAGANA_KATAKANA,,,-,ロッテ,,rotte,Lotte (Japanese-Korean confection company),
78693,WORD_COMPANY_NAME,,HIRAGANA_KATAKANA,,,-,ロレクス,,rorekusu,Rolex,
78699,WORD_COMPANY_NAME,,HIRAGANA_KATAKANA,,,-,ロレックス,,rorekkusu,Rolex,
78801,WORD_COMPANY_NAME,,HIRAGANA_KATAKANA,,,-,ロンジン,,ronjin,Longines,
79733,WORD_COMPANY_NAME,,HIRAGANA_KATAKANA,,,-,ワーナーブラザーズ,,waanaaburazaazu,Warner Brothers,GOTOWE
79306,WORD_COMPANY_NAME,,HIRAGANA_KATAKANA,,,-,ワイモバイル,,waimobairu,Y!Mobile,GOTOWE
79359,WORD_COMPANY_NAME,,HIRAGANA_KATAKANA,,,-,ワウエンターテインメント,,wauentaateinmento,Wow Entertainment (studio Segi),
79665,WORD_COMPANY_NAME,,HIRAGANA_KATAKANA,,,-,ワンダーライフ,,wandaaraifu,Wonderlife (Japanese Publisher),
738868,WORD_COMPANY_NAME,,HIRAGANA_KATAKANA,,,２ちゃんねる,にちゃんねる,,nichanneru,2channel (Japanese online forum),
738869,WORD_COMPANY_NAME,,HIRAGANA_KATAKANA,,,３Ｍ,スリーエム,,suriiemu,3M,GOTOWE
738936,WORD_COMPANY_NAME,,HIRAGANA_KATAKANA,,,ａｕ,エーユー,,eeyuu,au (Japanese mobile phone brand),
738877,WORD_COMPANY_NAME,,HIRAGANA_KATAKANA,,,ＧＥ,ジーイー,,jiiii,General Electric,GOTOWE
738878,WORD_COMPANY_NAME,,HIRAGANA_KATAKANA,,,ＧＭ,ジーエム,,jiiemu,General Motors,GOTOWE
738880,WORD_COMPANY_NAME,,HIRAGANA_KATAKANA,,,ＩＢＭ,アイビーエム,,aibiiemu,IBM,GOTOWE
738890,WORD_COMPANY_NAME,,HIRAGANA_KATAKANA,,,ＪＡＳ,ジャス,,jasu,Japan Air System,GOTOWE
738887,WORD_COMPANY_NAME,,HIRAGANA_KATAKANA,,,ＪＡ共済,ジェーエーきょうさい,,jeeeekyousai,National Mutual Insurance Federation of Agricultural Cooperatives,
738899,WORD_COMPANY_NAME,,HIRAGANA_KATAKANA,,,ＫＤＤＩ,ケーディーディーアイ,,keediidiiai,KDDI (Japanese telecommunications company),
738904,WORD_COMPANY_NAME,,HIRAGANA_KATAKANA,,,ＬＧフィリップスＬＣＤ,エルジーフィリップスエルシーディー,,erujiifirippusuerushiidii,LG Philips LCD,
738911,WORD_COMPANY_NAME,,HIRAGANA_KATAKANA,,,ＮＥＣ,エヌイーシー,,enuiishii,NEC (Nippon Electric Company),
738912,WORD_COMPANY_NAME,,HIRAGANA_KATAKANA,,,ＮＴＴ,エヌティーティー,,enutiitii,NTT (Nippon Telegraph and Telephone),
738923,WORD_COMPANY_NAME,,HIRAGANA_KATAKANA,,,ＳＭＢＣフレンド証券,エスエムビーシーフレンドしょうけん,,esuemubiishiifurendoshouken,SMBC Friend Securities,
738924,WORD_COMPANY_NAME,,HIRAGANA_KATAKANA,,,ＳＴマイクロエレクトロニクス,エスティーマイクロエレクトロニクス,,esutiimaikuroerekutoronikusu,ST Microelectronics,
738926,WORD_COMPANY_NAME,,HIRAGANA_KATAKANA,,,ＴＥＰＣＯ,テプコ,,tepuko,Tokyo Electric Power Company,
738928,WORD_COMPANY_NAME,,HIRAGANA_KATAKANA,,,ＵＦＪつばさ証券,ユーエフジェーつばさしょうけん,,yuuefujeetsubasashouken,UFJ Tsubasa Securities,
738929,WORD_COMPANY_NAME,,HIRAGANA_KATAKANA,,,ＵＦＪ銀行,ユーエフジェーぎんこう,,yuuefujeeginkou,UFJ Bank (now Bank of Tokyo-Mitsubishi UFJ),
80548,WORD_COMPANY_NAME,,HIRAGANA_KATAKANA,,,あいおい損害保険,あいおいそんがいほけん,,aioisongaihoken,Aioi Insurance,
84440,WORD_COMPANY_NAME,,HIRAGANA_KATAKANA,,,アイスランド航空,アイスランドこうくう,,aisurandokoukuu,Icelandair,
84458,WORD_COMPANY_NAME,,HIRAGANA_KATAKANA,,,アイホン株式会社,アイホンかぶしきかいしゃ,,aihonkabushikikaisha,"Aiphone Co., Ltd.",
80592,WORD_COMPANY_NAME,,HIRAGANA_KATAKANA,,,あおぞら銀行,あおぞらぎんこう,,aozoraginkou,Aozora Bank,
84617,WORD_COMPANY_NAME,,HIRAGANA_KATAKANA,,,アステラス製薬,アステラスせいやく,,asuterasuseiyaku,Astellas Pharma,
84831,WORD_COMPANY_NAME,,HIRAGANA_KATAKANA,,,アメリカンファミリー生命,アメリカンファミリーせいめい,,amerikanfamiriiseimei,American Family Life Assurance,
84952,WORD_COMPANY_NAME,,HIRAGANA_KATAKANA,,,アルゼンチン航空,アルゼンチンこうくう,,aruzenchinkoukuu,Aerolineas Argentinas,
81001,WORD_COMPANY_NAME,,HIRAGANA_KATAKANA,,,いすゞ自動車,いすずじどうしゃ,,isuzujidousha,Isuzu Motors Limited,GOTOWE
85308,WORD_COMPANY_NAME,,HIRAGANA_KATAKANA,,,イトーヨーカ堂,イトーヨーカどう,,itooyookadou,Ito-Yokado,GOTOWE
85898,WORD_COMPANY_NAME,,HIRAGANA_KATAKANA,,,エジプト航空,エジプトこうくう,,ejiputokoukuu,EgyptAir,GOTOWE
85919,WORD_COMPANY_NAME,,HIRAGANA_KATAKANA,,,エチオピア航空,エチオピアこうくう,,echiopiakoukuu,Ethiopian Airlines,GOTOWE
86637,WORD_COMPANY_NAME,,HIRAGANA_KATAKANA,,,オーストリア航空,オーストリアこうくう,,oosutoriakoukuu,Austrian Airlines,GOTOWE
87342,WORD_COMPANY_NAME,,HIRAGANA_KATAKANA,,,ガルーダ・インドネシア航空,ガルーダ・インドネシアこうくう,,garuudaindoneshiakoukuu,Garuda Indonesian Airways,GOTOWE
81535,WORD_COMPANY_NAME,,HIRAGANA_KATAKANA,,,かんぽ生命保険,かんぽせいめいほけん,,kanposeimeihoken,Postal Life Insurance,
87974,WORD_COMPANY_NAME,,HIRAGANA_KATAKANA,,,グラミン銀行,グラミンぎんこう,,guraminginkou,Grameen Bank,
88302,WORD_COMPANY_NAME,,HIRAGANA_KATAKANA,,,コスモ証券,コスモしょうけん,,kosumoshouken,Cosmo Securities,
88817,WORD_COMPANY_NAME,,HIRAGANA_KATAKANA,,,サムスン電子,サムスンでんし,,samusundenshi,Samsung Electronics,
89173,WORD_COMPANY_NAME,,HIRAGANA_KATAKANA,,,シカゴ国際外語スクール,しかごこくさいがいごすくーる,,shikagokokusaigaigosukuuru,The Chicago International Language School (CILS),
89618,WORD_COMPANY_NAME,,HIRAGANA_KATAKANA,,,ジャスダック証券取引所,ジャスダックしょうけんとりひきじょ,,jasudakkushoukentorihikijo,"JASDAQ Securities Exchange, Inc.",
89671,WORD_COMPANY_NAME,,HIRAGANA_KATAKANA,,,ジュンク堂,ジュンクどう,,junkudou,Junkudo (Japanese bookstore chain),
89521,WORD_COMPANY_NAME,,HIRAGANA_KATAKANA,,,シンガポール航空,シンガポールこうくう,,shingapoorukoukuu,Singapore Airlines,GOTOWE
89986,WORD_COMPANY_NAME,,HIRAGANA_KATAKANA,,,スリランカ航空,スリランカこうくう,,surirankakoukuu,SriLankan Airlines,GOTOWE
90298,WORD_COMPANY_NAME,,HIRAGANA_KATAKANA,,,ソニー銀行,ソニーぎんこう,,soniiginkou,Sony Bank,GOTOWE
90392,WORD_COMPANY_NAME,,HIRAGANA_KATAKANA,,,タイ国際航空,タイこくさいこうくう,,taikokusaikoukuu,Thai Airways International,
82398,WORD_COMPANY_NAME,,HIRAGANA_KATAKANA,,,たくぎん保証,たくぎんほしょう,,takuginhoshou,Takugin Hosho (bankrupted Japanese credit guarantor),
90771,WORD_COMPANY_NAME,,HIRAGANA_KATAKANA,,,チェコ航空,チェコこうくう,,chekokoukuu,Czech Airlines,GOTOWE
91282,WORD_COMPANY_NAME,,HIRAGANA_KATAKANA,,,テレビ朝日,テレビあさひ,,terebiasahi,TV Asahi,GOTOWE
91283,WORD_COMPANY_NAME,,HIRAGANA_KATAKANA,,,テレビ東京,テレビとうきょう,,terebitoukyou,TV Tokyo,GOTOWE
91758,WORD_COMPANY_NAME,,HIRAGANA_KATAKANA,,,ドコイク？,ドコイク,,dokoiku,Recruit Company search facility,
91579,WORD_COMPANY_NAME,,HIRAGANA_KATAKANA,,,トヨタ自動車,トヨタじどうしゃ,,toyotajidousha,Toyota Motor,GOTOWE
91645,WORD_COMPANY_NAME,,HIRAGANA_KATAKANA,,,トルコ航空,トルコこうくう,,torukokoukuu,Turkish Airlines,
82865,WORD_COMPANY_NAME,,HIRAGANA_KATAKANA,,,なか卯,なかう,,nakau,Nakau (restaurant chain),
82885,WORD_COMPANY_NAME,,HIRAGANA_KATAKANA,,,なだ万,なだまん,,nadaman,Nadaman (Japanese restaurant chain),
92114,WORD_COMPANY_NAME,,HIRAGANA_KATAKANA,,,ニッセイ同和損害保険,ニッセイどうわそんがいほけん,,nisseidouwasongaihoken,Nissay Dowa General Insurance,
92146,WORD_COMPANY_NAME,,HIRAGANA_KATAKANA,,,ニューギニア航空,ニューギニアこうくう,,nyuuginiakoukuu,Air Niugini,
92406,WORD_COMPANY_NAME,,HIRAGANA_KATAKANA,,,ノースウエスト航空,ノースウエストこうくう,,noosuuesutokoukuu,Northwest Airlines,
92956,WORD_COMPANY_NAME,,HIRAGANA_KATAKANA,,,パシフィコ横浜,パシフィコよこはま,,pashifikoyokohama,Pacifico Yokohama (convention centre),
93622,WORD_COMPANY_NAME,,HIRAGANA_KATAKANA,,,フィリピン航空,フィリピンこうくう,,firipinkoukuu,Philippine Airlines,
93626,WORD_COMPANY_NAME,,HIRAGANA_KATAKANA,,,フィンランド航空,フィンランドこうくう,,finrandokoukuu,Finnair,
93726,WORD_COMPANY_NAME,,HIRAGANA_KATAKANA,,,フジパシフィック音楽出版,フジパシフィックおんがくしゅっぱん,,fujipashifikkuongakushuppan,Fuji Pacific Music Inc.,
94169,WORD_COMPANY_NAME,,HIRAGANA_KATAKANA,,,ベスト電器,ベストでんき,,besutodenki,Best Denki Co. Ltd.,
94187,WORD_COMPANY_NAME,,HIRAGANA_KATAKANA,,,ベトナム航空,ベトナムこうくう,,betonamukoukuu,Vietnam Airlines,
95017,WORD_COMPANY_NAME,,HIRAGANA_KATAKANA,,,ポーランド航空,ポーランドこうくう,,poorandokoukuu,LOT Polish Airlines,
95386,WORD_COMPANY_NAME,,HIRAGANA_KATAKANA,,,マレーシア航空,マレーシアこうくう,,mareeshiakoukuu,Malaysia Airlines,
83650,WORD_COMPANY_NAME,,HIRAGANA_KATAKANA,,,みずほインベスターズ証券,みずほインベスターズしょうけん,,mizuhoinbesutaazushouken,Mizuho Investors Securities,
83651,WORD_COMPANY_NAME,,HIRAGANA_KATAKANA,,,みずほコーポレート銀行,みずほコーポレートぎんこう,,mizuhokooporeetoginkou,Mizuho Corporate Bank,
83658,WORD_COMPANY_NAME,,HIRAGANA_KATAKANA,,,みずほ証券,みずほしょうけん,,mizuhoshouken,Mizuho Securities,
83659,WORD_COMPANY_NAME,,HIRAGANA_KATAKANA,,,みずほ銀行,みずほぎんこう,,mizuhoginkou,Mizuho Bank,
95533,WORD_COMPANY_NAME,,HIRAGANA_KATAKANA,,,ミドリ十字,ミドリじゅうじ,,midorijuuji,Green Cross Corporation,
96004,WORD_COMPANY_NAME,,HIRAGANA_KATAKANA,,,モーリシャス航空,モーリシャスこうくう,,moorishasukoukuu,Air Mauritius,
96093,WORD_COMPANY_NAME,,HIRAGANA_KATAKANA,,,ヤマダ電機,やまだでんき,,yamadadenki,Yamada Electrics,
96096,WORD_COMPANY_NAME,,HIRAGANA_KATAKANA,,,ヤマト運輸,ヤマトうんゆ,,yamatoun'yu,Yamato Transport,
96327,WORD_COMPANY_NAME,,HIRAGANA_KATAKANA,,,ライオン企画,らいおんきかく,,raionkikaku,"Lion Kikaku Co., Ltd.",
84264,WORD_COMPANY_NAME,,HIRAGANA_KATAKANA,,,りそな銀行,りそなぎんこう,,risonaginkou,Resona Bank,
96902,WORD_COMPANY_NAME,,HIRAGANA_KATAKANA,,,ロイヤル・ヨルダン航空,ロイヤル・ヨルダンこうくう,,roiyaruyorudankoukuu,Royal Jordanian (airline),
102607,WORD_COMPANY_NAME,,HIRAGANA_KATAKANA,,,万有製薬,ばんゆうせいやく,,ban'yuuseiyaku,Banyu Pharmaceutical,
104434,WORD_COMPANY_NAME,,HIRAGANA_KATAKANA,,,三井住友,みついすみとも,,mitsuisumitomo,Mitsui Sumitomo,
104435,WORD_COMPANY_NAME,,HIRAGANA_KATAKANA,,,三井住友海上火災保険,みついすみともかいじょうかさいほけん,,mitsuisumitomokaijoukasaihoken,Mitsui Sumitomo Insurance,
104436,WORD_COMPANY_NAME,,HIRAGANA_KATAKANA,,,三井住友銀行,みついすみともぎんこう,,mitsuisumitomoginkou,Sumitomo Mitsui Banking Corporation,
104485,WORD_COMPANY_NAME,,HIRAGANA_KATAKANA,,,三井生命保険,みついせいめいほけん,,mitsuiseimeihoken,Mitsui Life Insurance,
105306,WORD_COMPANY_NAME,,HIRAGANA_KATAKANA,,,三和銀行,さんわぎんこう,,sanwaginkou,"Sanwa Bank, Limited",
106624,WORD_COMPANY_NAME,,HIRAGANA_KATAKANA,,,三星グループ,さんせいグループ,,sanseiguruupu,Samsong,
107527,WORD_COMPANY_NAME,,HIRAGANA_KATAKANA,,,三洋信販,さんようしんぱん,,san'youshinpan,Sanyo Shinpan (consumer loan firm),
108228,WORD_COMPANY_NAME,,HIRAGANA_KATAKANA,,,三省堂,さんせいどう,,sanseidou,Sanseido (publisher),
108670,WORD_COMPANY_NAME,,HIRAGANA_KATAKANA,,,三菱,みつびし,,mitsubishi,Mitsubishi (famous industrial company),
108672,WORD_COMPANY_NAME,,HIRAGANA_KATAKANA,,,三菱ウェルファーマ,みつびしウェルファーマ,,mitsubishiwerufaama,Mitsubishi Pharma,
108678,WORD_COMPANY_NAME,,HIRAGANA_KATAKANA,,,三菱レイヨン,みつびしレイヨン,,mitsubishireiyon,Mitsubishi Rayon,
108683,WORD_COMPANY_NAME,,HIRAGANA_KATAKANA,,,三菱化学,みつびしかがく,,mitsubishikagaku,Mitsubishi Chemical Corporation,
108690,WORD_COMPANY_NAME,,HIRAGANA_KATAKANA,,,三菱商事,みつびししょうじ,,mitsubishishouji,Mitsubishi Corporation,
108691,WORD_COMPANY_NAME,,HIRAGANA_KATAKANA,,,三菱東京,みつびしとうきょう,,mitsubishitoukyou,Mitsubishi Tokyo,
108709,WORD_COMPANY_NAME,,HIRAGANA_KATAKANA,,,三菱自工株,みつびしじこうかぶ,,mitsubishijikoukabu,Mitsubishi Motor Corp. (abbr),
108710,WORD_COMPANY_NAME,,HIRAGANA_KATAKANA,,,三菱製紙,みつびしせいし,,mitsubishiseishi,Mitsubishi Paper Mills Limited,
108714,WORD_COMPANY_NAME,,HIRAGANA_KATAKANA,,,三菱証券,みつびししょうけん,,mitsubishishouken,Mitsubishi Securities,
108720,WORD_COMPANY_NAME,,HIRAGANA_KATAKANA,,,三菱重工業,みつびしじゅうこうぎょう,,mitsubishijuukougyou,"Mitsubishi Heavy Industries, Ltd.",
108729,WORD_COMPANY_NAME,,HIRAGANA_KATAKANA,,,三菱金属,みつびしきんぞく,,mitsubishikinzoku,Mitsubishi Metal Corporation,
108732,WORD_COMPANY_NAME,,HIRAGANA_KATAKANA,,,三菱電機,みつびしでんき,,mitsubishidenki,Mitsubishi Electric,
124841,WORD_COMPANY_NAME,,HIRAGANA_KATAKANA,,,不二家,ふじや,,fujiya,Fujiya (Japanese confectionary maker),
126363,WORD_COMPANY_NAME,,HIRAGANA_KATAKANA,,,世界長株式会社,せかいちょうかぶしきがいしゃ,,sekaichoukabushikigaisha,Secaicho Corporation,
127951,WORD_COMPANY_NAME,,HIRAGANA_KATAKANA,,,中公文庫,ちゅうこうぶんこ,,chuukoubunko,Chuukoubunko (publisher),
128360,WORD_COMPANY_NAME,,HIRAGANA_KATAKANA,,,中国新聞,ちゅうごくしんぶん,,chuugokushinbun,Chugoku Shimbun,
128372,WORD_COMPANY_NAME,,HIRAGANA_KATAKANA,,,中国移動,ちゅうごくいどう,,chuugokuidou,China Mobile,
128381,WORD_COMPANY_NAME,,HIRAGANA_KATAKANA,,,中国電力,ちゅうごくでんりょく,,chuugokudenryoku,Chugoku Electric Power,
128629,WORD_COMPANY_NAME,,HIRAGANA_KATAKANA,,,中外製薬,ちゅうがいせいやく,,chuugaiseiyaku,Chugai Pharmaceutical,
128795,WORD_COMPANY_NAME,,HIRAGANA_KATAKANA,,,中央更生保護審査会,ちゅうおうこうせいほごしんさかい,,chuuoukouseihogoshinsakai,National Offenders Rehabilitation Commission,
129039,WORD_COMPANY_NAME,,HIRAGANA_KATAKANA,,,中小企業金融公庫,ちゅうしょうきぎょうきんゆうこうこ,,chuushoukigyoukin'yuukouko,Japan Finance Corporation for Small and Medium Enterprise,
132379,WORD_COMPANY_NAME,,HIRAGANA_KATAKANA,,,中華航空,ちゅうかこうくう,,chuukakoukuu,China Airlines,
132853,WORD_COMPANY_NAME,,HIRAGANA_KATAKANA,,,中部電力,ちゅうぶでんりょく,,chuubudenryoku,Chubu Electric Power,
133761,WORD_COMPANY_NAME,,HIRAGANA_KATAKANA,,,丸善,まるぜん,,maruzen,Maruzen (publisher),
139684,WORD_COMPANY_NAME,,HIRAGANA_KATAKANA,,,九州電力,きゅうしゅうでんりょく,,kyuushuudenryoku,Kyushu Electric Power,
140961,WORD_COMPANY_NAME,,HIRAGANA_KATAKANA,,,亀田製菓,かめだせいか,,kamedaseika,Kameda Seika Company,
150427,WORD_COMPANY_NAME,,HIRAGANA_KATAKANA,,,京セラ,きょうセラ,,kyousera,Kyocera,
150428,WORD_COMPANY_NAME,,HIRAGANA_KATAKANA,,,京セラミタ,きょうセラミタ,,kyouseramita,Kyocera Mita,
150841,WORD_COMPANY_NAME,,HIRAGANA_KATAKANA,,,京成,けいせい,,keisei,Keisei (train line Tokyo-Narita),
150879,WORD_COMPANY_NAME,,HIRAGANA_KATAKANA,,,京成電鉄,けいせいでんてつ,,keiseidentetsu,Keisei Electric Railway,
151025,WORD_COMPANY_NAME,,HIRAGANA_KATAKANA,,,京王百貨店,けいおうひゃっかてん,,keiouhyakkaten,Keio Department Store,
151776,WORD_COMPANY_NAME,,HIRAGANA_KATAKANA,,,人民日報,じんみんにっぽう,,jinminnippou,People's Daily (Chinese newspaper),
157049,WORD_COMPANY_NAME,,HIRAGANA_KATAKANA,,,任天堂,にんてんどう,,nintendou,Nintendo,GOTOWE
159494,WORD_COMPANY_NAME,,HIRAGANA_KATAKANA,,,伊藤忠商事,いとうちゅうしょうじ,,itouchuushouji,Itochu Corporation,
159497,WORD_COMPANY_NAME,,HIRAGANA_KATAKANA,,,伊藤忠燃料,いとうちゅうねんりょう,,itouchuunenryou,Itochu Fuel Corporation,
159792,WORD_COMPANY_NAME,,HIRAGANA_KATAKANA,,,伊豆急行,いずきゅうこう,,izukyuukou,Izukyu Corporation,
162711,WORD_COMPANY_NAME,,HIRAGANA_KATAKANA,,,住友シチックス,すみともシチックス,,sumitomoshichikkusu,Sumitomo Sitix Corporation,
162717,WORD_COMPANY_NAME,,HIRAGANA_KATAKANA,,,住友不動産,すみともふどうさん,,sumitomofudousan,Sumitomo Realty and Development Co. Ltd.,
162718,WORD_COMPANY_NAME,,HIRAGANA_KATAKANA,,,住友信託銀行,すみともしんたくぎんこう,,sumitomoshintakuginkou,"Sumitomo Trust and Banking Company, Limited",
162725,WORD_COMPANY_NAME,,HIRAGANA_KATAKANA,,,住友商事,すみともしょうじ,,sumitomoshouji,Sumitomo Corporation,
162734,WORD_COMPANY_NAME,,HIRAGANA_KATAKANA,,,住友生命,すみともせいめい,,sumitomoseimei,Sumitomo Life,
162735,WORD_COMPANY_NAME,,HIRAGANA_KATAKANA,,,住友生命保険,すみともせいめいほけん,,sumitomoseimeihoken,Sumitomo Life Insurance Company,
162872,WORD_COMPANY_NAME,,HIRAGANA_KATAKANA,,,住商情報システム,すみしょうじょうほうシステム,,sumishoujouhoushisutemu,Sumisho Computer Systems Corporation,
165650,WORD_COMPANY_NAME,,HIRAGANA_KATAKANA,,,佐藤秀,さとうしゅう,,satoushuu,Satohide Corporation,
171753,WORD_COMPANY_NAME,,HIRAGANA_KATAKANA,,,信楽高原鉄道,しがらきこうげんてつどう,,shigarakikougentetsudou,Shigaraki Kogen Railway Co.,
171754,WORD_COMPANY_NAME,,HIRAGANA_KATAKANA,,,信楽高原鐡道,しがらきこうげんてつどう,,shigarakikougentetsudou,Shigaraki Kogen Railway Co.,
171755,WORD_COMPANY_NAME,,HIRAGANA_KATAKANA,,,信楽高原鐵道,しがらきこうげんてつどう,,shigarakikougentetsudou,Shigaraki Kogen Railway Co.,
172076,WORD_COMPANY_NAME,,HIRAGANA_KATAKANA,,,信越化学工業,しんえつかがくこうぎょう,,shin'etsukagakukougyou,Shin-Etsu Chemical,
172130,WORD_COMPANY_NAME,,HIRAGANA_KATAKANA,,,信金中央金庫,しんきんちゅうおうきんこ,,shinkinchuuoukinko,Shinkin Central Bank,
174311,WORD_COMPANY_NAME,,HIRAGANA_KATAKANA,,,偕成,かいせい,,kaisei,Kaisei (publisher),
179570,WORD_COMPANY_NAME,,HIRAGANA_KATAKANA,,,光文社,こうぶんしゃ,,koubunsha,Koubunsha (publisher),
182398,WORD_COMPANY_NAME,,HIRAGANA_KATAKANA,,,全日本空輸,ぜんにっぽんくうゆ,,zennipponkuuyu,All Nippon Airways,
182490,WORD_COMPANY_NAME,,HIRAGANA_KATAKANA,,,全米鉄道旅客輸送公社,ぜんべいてつどうりょかくゆそうこうしゃ,,zenbeitetsudouryokakuyusoukousha,National Railroad Passenger Corporation,
185858,WORD_COMPANY_NAME,,HIRAGANA_KATAKANA,,,公営企業金融公庫,こうえいきぎょうきんゆうこうこ,,koueikigyoukin'yuukouko,Japan Finance Corporation for Municipal Enterprises,
197324,WORD_COMPANY_NAME,,HIRAGANA_KATAKANA,,,前田建設工業,まえだけんせつこうぎょう,,maedakensetsukougyou,Maeda Corporation,
198403,WORD_COMPANY_NAME,,HIRAGANA_KATAKANA,,,創元社,そうげんしゃ,,sougensha,"Sogensha, Inc. (publisher)",
198459,WORD_COMPANY_NAME,,HIRAGANA_KATAKANA,,,創樹社,そうじゅしゃ,,soujusha,Soujusha,
198474,WORD_COMPANY_NAME,,HIRAGANA_KATAKANA,,,創美,そうび,,soubi,Soubi,
198492,WORD_COMPANY_NAME,,HIRAGANA_KATAKANA,,,劇団四季,げきだんしき,,gekidanshiki,Shiki Theatrical Company,
200894,WORD_COMPANY_NAME,,HIRAGANA_KATAKANA,,,加藤汽船,かとうきせん,,katoukisen,Katou Kisen,
202212,WORD_COMPANY_NAME,,HIRAGANA_KATAKANA,,,動力炉・核燃料開発事業団,どうりょくろかくねんりょうかいはつじぎょうだん,,douryokurokakunenryoukaihatsujigyoudan,Power Reactor and Nuclear Fuel Development Corporation,
202213,WORD_COMPANY_NAME,,HIRAGANA_KATAKANA,,,動力炉核燃料開発事業団,どうりょくろかくねんりょうかいはつじぎょうだん,,douryokurokakunenryoukaihatsujigyoudan,Power Reactor and Nuclear Fuel Development Corporation,
202228,WORD_COMPANY_NAME,,HIRAGANA_KATAKANA,,,動燃,どうねん,,dounen,(abbr) Power Reactor and Nuclear Fuel Development Corporation,
207113,WORD_COMPANY_NAME,,HIRAGANA_KATAKANA,,,北海道電力,ほっかいどうでんりょく,,hokkaidoudenryoku,Hokkaido Electric Power,
208457,WORD_COMPANY_NAME,,HIRAGANA_KATAKANA,,,北陸電力,ほくりくでんりょく,,hokurikudenryoku,Hokuriku Electrical Power,
209569,WORD_COMPANY_NAME,,HIRAGANA_KATAKANA,,,十八銀行,じゅうはちぎんこう,,juuhachiginkou,"Eighteenth Bank, Limited",
210835,WORD_COMPANY_NAME,,HIRAGANA_KATAKANA,,,千代田化工建設,ちよだかこうけんせつ,,chiyodakakoukensetsu,Chiyoda Corporation,
210853,WORD_COMPANY_NAME,,HIRAGANA_KATAKANA,,,千代田生命保険,ちよだせいめいほけん,,chiyodaseimeihoken,Chiyoda Life Insurance,
214742,WORD_COMPANY_NAME,,HIRAGANA_KATAKANA,,,協栄生命保険,きょうえいせいめいほけん,,kyoueiseimeihoken,Kyoei Life Insurance,
223045,WORD_COMPANY_NAME,,HIRAGANA_KATAKANA,,,友達光電,ともだちこうでん,,tomodachikouden,AU Optoelectronics,
223357,WORD_COMPANY_NAME,,HIRAGANA_KATAKANA,,,双葉電子工業,ふたばでんしこうぎょう,,futabadenshikougyou,Futaba Corporation,
227087,WORD_COMPANY_NAME,,HIRAGANA_KATAKANA,,,台糖,たいとう,,taitou,"Taito Co., Ltd.",
228552,WORD_COMPANY_NAME,,HIRAGANA_KATAKANA,,,合同酒精,ごうどうしゅせい,,goudoushusei,Godo Shusei Co. Ltd.,
231348,WORD_COMPANY_NAME,,HIRAGANA_KATAKANA,,,同友動画,どうゆうどうが,,douyuudouga,DongWoo Animation Ltd.,
240733,WORD_COMPANY_NAME,,HIRAGANA_KATAKANA,,,商工中金,しょうこうちゅうきん,,shoukouchuukin,(abbr) Shoko Chukin Bank,
240736,WORD_COMPANY_NAME,,HIRAGANA_KATAKANA,,,商工組合中央金庫,しょうこうくみあいちゅうおうきんこ,,shoukoukumiaichuuoukinko,Shoko Chukin Bank,
240749,WORD_COMPANY_NAME,,HIRAGANA_KATAKANA,,,商船三井,しょうせんみつい,,shousenmitsui,Mitsui O.S.K. Lines,
241030,WORD_COMPANY_NAME,,HIRAGANA_KATAKANA,,,啓学,けいがく,,keigaku,Keigaku (publisher),
245762,WORD_COMPANY_NAME,,HIRAGANA_KATAKANA,,,四国電力,しこくでんりょく,,shikokudenryoku,Shikoku Electrical Power,
247458,WORD_COMPANY_NAME,,HIRAGANA_KATAKANA,,,国民生活金融公庫,こくみんせいかつきんゆうこうこ,,kokuminseikatsukin'yuukouko,National Life Finance Corporation,
247463,WORD_COMPANY_NAME,,HIRAGANA_KATAKANA,,,国民銀行,こくみんぎんこう,,kokuminginkou,People's Bank (China),
248082,WORD_COMPANY_NAME,,HIRAGANA_KATAKANA,,,国際石油開発,こくさいせきゆかいはつ,,kokusaisekiyukaihatsu,INPEX (Japanese petroleum company),
251179,WORD_COMPANY_NAME,,HIRAGANA_KATAKANA,,,地域振興整備公団,ちいきしんこうせいびこうだん,,chiikishinkouseibikoudan,Japan Regional Development Corporation,
255348,WORD_COMPANY_NAME,,HIRAGANA_KATAKANA,,,埼玉りそな銀行,さいたまりそなぎんこう,,saitamarisonaginkou,Saitama Resona Bank,
263605,WORD_COMPANY_NAME,,HIRAGANA_KATAKANA,,,多田建設,ただけんせつ,,tadakensetsu,Tada Corporation,
265977,WORD_COMPANY_NAME,,HIRAGANA_KATAKANA,,,大修館,たいしゅうかん,,taishuukan,Taishukan (publisher),
265978,WORD_COMPANY_NAME,,HIRAGANA_KATAKANA,,,大修館書店,たいしゅうかんしょてん,,taishuukanshoten,Taishukan (publisher),
266912,WORD_COMPANY_NAME,,HIRAGANA_KATAKANA,,,大同特殊鋼,だいどうとくしゅこう,,daidoutokushukou,Daido Steel,
266916,WORD_COMPANY_NAME,,HIRAGANA_KATAKANA,,,大同生命保険,だいどうせいめいほけん,,daidouseimeihoken,Daido Life Insurance,
266920,WORD_COMPANY_NAME,,HIRAGANA_KATAKANA,,,大同鋼板,だいどうこうはん,,daidoukouhan,Daido Steel Sheet Corporation,
267143,WORD_COMPANY_NAME,,HIRAGANA_KATAKANA,,,大和証券,だいわしょうけん,,daiwashouken,Daiwa Securities,
267144,WORD_COMPANY_NAME,,HIRAGANA_KATAKANA,,,大和証券グループ本社,だいわしょうけんグループほんしゃ,,daiwashoukenguruupuhonsha,Daiwa Securities Group,
267159,WORD_COMPANY_NAME,,HIRAGANA_KATAKANA,,,大和銀行,だいわぎんこう,,daiwaginkou,"Daiwa Bank, Limited",
267761,WORD_COMPANY_NAME,,HIRAGANA_KATAKANA,,,大塚製薬,おおつかせいやく,,ootsukaseiyaku,Otsuka Pharmaceutical,
268030,WORD_COMPANY_NAME,,HIRAGANA_KATAKANA,,,大宇,ダイウ,,daiu,Daewoo (car company),
269609,WORD_COMPANY_NAME,,HIRAGANA_KATAKANA,,,大建工業,だいけんこうぎょう,,daikenkougyou,Daiken Corporation,
269832,WORD_COMPANY_NAME,,HIRAGANA_KATAKANA,,,大成ロテック,たいせいロテック,,taiseirotekku,Taisei Rotec Corporation,
269840,WORD_COMPANY_NAME,,HIRAGANA_KATAKANA,,,大成建設,たいせいけんせつ,,taiseikensetsu,Taisei Corporation,
270471,WORD_COMPANY_NAME,,HIRAGANA_KATAKANA,,,大木建設,おおきけんせつ,,ookikensetsu,Ohki Corporation,
270697,WORD_COMPANY_NAME,,HIRAGANA_KATAKANA,,,大東紡織,だいとうぼうしょく,,daitouboushoku,"Daito Woolen Spinning & Weaving Company, Limited",
270753,WORD_COMPANY_NAME,,HIRAGANA_KATAKANA,,,大林組,おおばやしぐみ,,oobayashigumi,Ohbayashi Corporation,
270755,WORD_COMPANY_NAME,,HIRAGANA_KATAKANA,,,大林道路,おおばやしどうろ,,oobayashidouro,Obayashi Road Corporation,
272890,WORD_COMPANY_NAME,,HIRAGANA_KATAKANA,,,大王製紙,だいおうせいし,,daiouseishi,Daio Paper Corporation,
273269,WORD_COMPANY_NAME,,HIRAGANA_KATAKANA,,,大真空,だいしんくう,,daishinkuu,Daishinku Corporation,
275223,WORD_COMPANY_NAME,,HIRAGANA_KATAKANA,,,大豊建設,だいほうけんせつ,,daihoukensetsu,Daiho Corporation,
276251,WORD_COMPANY_NAME,,HIRAGANA_KATAKANA,,,大阪中小企業投資育成株式会社,おおさかちゅうしょうきぎょうとうしいくせいかぶしきがいしゃ,,oosakachuushoukigyoutoushiikuseikabushikigaisha,Osaka Small and Medium Business Investment & Consultation Corporation,
276334,WORD_COMPANY_NAME,,HIRAGANA_KATAKANA,,,大阪機工,おおさかきこう,,oosakakikou,OKK Corporation,
276355,WORD_COMPANY_NAME,,HIRAGANA_KATAKANA,,,大阪空港交通,おおさかくうこうこうつう,,oosakakuukoukoutsuu,Osaka Airport Transport,
279479,WORD_COMPANY_NAME,,HIRAGANA_KATAKANA,,,太平洋銀行,たいへいようぎんこう,,taiheiyouginkou,(former) Pacific Bank (failed in 1996),
281699,WORD_COMPANY_NAME,,HIRAGANA_KATAKANA,,,奈良交通,ならこうつう,,narakoutsuu,Nara Kotsu Bus Company,
283225,WORD_COMPANY_NAME,,HIRAGANA_KATAKANA,,,奥村組,おくむらぐみ,,okumuragumi,Okumura Corporation,
290114,WORD_COMPANY_NAME,,HIRAGANA_KATAKANA,,,學藝書林,がくげいしょりん,,gakugeishorin,Gakugei Shorin (publisher),
293673,WORD_COMPANY_NAME,,HIRAGANA_KATAKANA,,,安川電機,やすかわでんき,,yasukawadenki,Yasukawa Electric Corporation,
299087,WORD_COMPANY_NAME,,HIRAGANA_KATAKANA,,,宝塚歌劇団,たからづかかげきだん,,takaradukakagekidan,Takarazuka Revue,
300504,WORD_COMPANY_NAME,,HIRAGANA_KATAKANA,,,実業之日本社,じつぎょうのにほんしゃ,,jitsugyounonihonsha,"Jitsugyo no Nihon Sha, Ltd. (name of a publishing company)",
305407,WORD_COMPANY_NAME,,HIRAGANA_KATAKANA,,,寄美電子,きびでんし,,kibidenshi,Chi Mei Optoelectronics,
306023,WORD_COMPANY_NAME,,HIRAGANA_KATAKANA,,,富士フィルム,ふじフィルム,,fujifirumu,Fujifilm,
306057,WORD_COMPANY_NAME,,HIRAGANA_KATAKANA,,,富士写真フィルム,ふじしゃしんフィルム,,fujishashinfirumu,Fuji Photo Film (Japanese camera & film company),
306212,WORD_COMPANY_NAME,,HIRAGANA_KATAKANA,,,富士火災海上保険,ふじかさいかいじょうほけん,,fujikasaikaijouhoken,Fuji Marine and Fire Insurance,
306274,WORD_COMPANY_NAME,,HIRAGANA_KATAKANA,,,富士見書房,ふじみしょぼう,,fujimishobou,Fujimi Shobo (publisher),
306293,WORD_COMPANY_NAME,,HIRAGANA_KATAKANA,,,富士通ゼネラル,ふじつうゼネラル,,fujitsuuzeneraru,Fujitsu General Limited,
306310,WORD_COMPANY_NAME,,HIRAGANA_KATAKANA,,,富士重工,ふじじゅうこう,,fujijuukou,Fuji Heavy Industries,
306315,WORD_COMPANY_NAME,,HIRAGANA_KATAKANA,,,富士銀行,ふじぎんこう,,fujiginkou,"Fuji Bank, Limited",
306455,WORD_COMPANY_NAME,,HIRAGANA_KATAKANA,,,富山房,ふざんぼう,,fuzanbou,Fuzambo (publisher),
313457,WORD_COMPANY_NAME,,HIRAGANA_KATAKANA,,,小学館,しょうがくかん,,shougakukan,Shogakukan (publisher),
316303,WORD_COMPANY_NAME,,HIRAGANA_KATAKANA,,,小森コーポレーション,こもりコーポレーション,,komorikooporeeshon,Komori Corporation,
324892,WORD_COMPANY_NAME,,HIRAGANA_KATAKANA,,,山一證券,やまいち,,yamaichi,"Yamaichi Securities Company, Limited",
325191,WORD_COMPANY_NAME,,HIRAGANA_KATAKANA,,,山之内製薬,やまのうちせいやく,,yamanouchiseiyaku,Yamanouchi Pharmaceutical (now Astellas Pharma),
328907,WORD_COMPANY_NAME,,HIRAGANA_KATAKANA,,,岡三,おかさん,,okasan,Okasan,
328908,WORD_COMPANY_NAME,,HIRAGANA_KATAKANA,,,岡三ホールディングス,おかさんホールディングス,,okasanhoorudingusu,Okasan Holdings,
331367,WORD_COMPANY_NAME,,HIRAGANA_KATAKANA,,,岩波ジュニア新書,いわなみジュニアしんしょ,,iwanamijuniashinsho,Iwanamijuniashinsho,
331371,WORD_COMPANY_NAME,,HIRAGANA_KATAKANA,,,岩波書店,いわなみしょてん,,iwanamishoten,"Iwanami Shoten, Publishers (publisher)",
334050,WORD_COMPANY_NAME,,HIRAGANA_KATAKANA,,,島津製作所,しまづせいさくしょ,,shimaduseisakusho,Shimadzu Corporation,
337287,WORD_COMPANY_NAME,,HIRAGANA_KATAKANA,,,川商ジェコス,かわしょうジェコス,,kawashoujekosu,Kawasho Gecoss Corporation,
337664,WORD_COMPANY_NAME,,HIRAGANA_KATAKANA,,,川崎製鉄,かわさきせいてつ,,kawasakiseitetsu,Kawasaki Steel Corporation,
337677,WORD_COMPANY_NAME,,HIRAGANA_KATAKANA,,,川崎重工業,かわさきじゅうこうぎょう,,kawasakijuukougyou,Kawasaki Heavy Industries,
337681,WORD_COMPANY_NAME,,HIRAGANA_KATAKANA,,,川崎鉄管継手株式会社,かわさきてっかんつぎてかぶしきがいしゃ,,kawasakitekkantsugitekabushikigaisha,"Kawatetsu Co.,Ltd",
337684,WORD_COMPANY_NAME,,HIRAGANA_KATAKANA,,,川崎電気,かわさきでんき,,kawasakidenki,Kawaden Corporation,
338629,WORD_COMPANY_NAME,,HIRAGANA_KATAKANA,,,川鉄,かわてつきょう,,kawatetsukyou,Kawatetsu (abbr),
338630,WORD_COMPANY_NAME,,HIRAGANA_KATAKANA,,,川鉄商事,かわてつしょうじ,,kawatetsushouji,Kawasho Corporation,
349772,WORD_COMPANY_NAME,,HIRAGANA_KATAKANA,,,幻冬舎,げんとうしゃ,,gentousha,Gentosha Inc.,
353874,WORD_COMPANY_NAME,,HIRAGANA_KATAKANA,,,廣輝電子,こうきでんし,,koukidenshi,Quanta Display,
361078,WORD_COMPANY_NAME,,HIRAGANA_KATAKANA,,,径書房,こみちしょぼう,,komichishobou,Komichi Shobo Publishing Ltd (publishing company),
362698,WORD_COMPANY_NAME,,HIRAGANA_KATAKANA,,,御園座,みそのざ,,misonoza,Misonoza Theatrical Corporation,
365202,WORD_COMPANY_NAME,,HIRAGANA_KATAKANA,,,徳間書店,とくましょてん,,tokumashoten,Tokuma Shoten (publisher),
386625,WORD_COMPANY_NAME,,HIRAGANA_KATAKANA,,,損保ジャパン,そんぽジャパン,,sonpojapan,(abbr) Sompo Japan Insurance,
386626,WORD_COMPANY_NAME,,HIRAGANA_KATAKANA,,,損害保険ジャパン,そんがいほけんジャパン,,songaihokenjapan,Sompo Japan Insurance,
390456,WORD_COMPANY_NAME,,HIRAGANA_KATAKANA,,,整理信託公社,せいりしんたくこうしゃ,,seirishintakukousha,Resolution Trust Corporation,
390457,WORD_COMPANY_NAME,,HIRAGANA_KATAKANA,,,整理回収機構,せいりかいしゅうきこう,,seirikaishuukikou,Resolution and Collection Corporation,
390458,WORD_COMPANY_NAME,,HIRAGANA_KATAKANA,,,整理回収銀行,せいりかいしゅうぎんこう,,seirikaishuuginkou,Resolution and Collection Bank,
391507,WORD_COMPANY_NAME,,HIRAGANA_KATAKANA,,,文芸春秋,ぶんげいしゅんじゅう,,bungeishunjuu,"Bungei Shunju (publisher)
Bungei Shunju (magazine)",
391540,WORD_COMPANY_NAME,,HIRAGANA_KATAKANA,,,文藝春秋,ぶんげいしゅんじゅう,,bungeishunjuu,Bungeishunju (publishing company and magazine),
393132,WORD_COMPANY_NAME,,HIRAGANA_KATAKANA,,,新世紀エヴァンゲリオン,しんせいきエヴァンゲリオン,,shinseikievangerion,Neon Genesis Evangelion (media franchise),
393507,WORD_COMPANY_NAME,,HIRAGANA_KATAKANA,,,新光証券,しんこうしょうけん,,shinkoushouken,Shinko Securities,
395075,WORD_COMPANY_NAME,,HIRAGANA_KATAKANA,,,新技術事業団,しんぎじゅつじぎょうだん,,shingijutsujigyoudan,Research Development Corp. of Japan,
395125,WORD_COMPANY_NAME,,HIRAGANA_KATAKANA,,,新日本建設,しんにほんけんせつ,,shinnihonkensetsu,Shinnihon Corporation,
395188,WORD_COMPANY_NAME,,HIRAGANA_KATAKANA,,,新星堂,しんせいどう,,shinseidou,"Shinseido (Japanese book, music and sporting goods retail chain)",
395201,WORD_COMPANY_NAME,,HIRAGANA_KATAKANA,,,新書館,しんしょかん,,shinshokan,Shinshokan (publisher),
395842,WORD_COMPANY_NAME,,HIRAGANA_KATAKANA,,,新潮,しんちょう,,shinchou,Shinchou (magazine and publisher),
395843,WORD_COMPANY_NAME,,HIRAGANA_KATAKANA,,,新潮社,しんちょうしゃ,,shinchousha,Shinchosha (publisher),
395970,WORD_COMPANY_NAME,,HIRAGANA_KATAKANA,,,新生銀行,しんせいぎんこう,,shinseiginkou,Shinsei Bank,
396622,WORD_COMPANY_NAME,,HIRAGANA_KATAKANA,,,新菱冷熱工業,しんりょうれいねつこうぎょう,,shinryoureinetsukougyou,Shinryo Corporation,
398180,WORD_COMPANY_NAME,,HIRAGANA_KATAKANA,,,日亜化学工業,にちあかがくこうぎょう,,nichiakagakukougyou,Nichia Corporation (Japanese chemical manufacturer),
398846,WORD_COMPANY_NAME,,HIRAGANA_KATAKANA,,,日商岩井,にっしょういわい,,nisshouiwai,Nissho Iwai Corporation,
398911,WORD_COMPANY_NAME,,HIRAGANA_KATAKANA,,,日外アソシエーツ,にちがいアソシエーツ,,nichigaiasoshieetsu,Nichigai Associates (publisher),
399423,WORD_COMPANY_NAME,,HIRAGANA_KATAKANA,,,日本ケミコン,にっぽんケミコン,,nipponkemikon,Nippon Chemi-Con Corporation,
399397,WORD_COMPANY_NAME,,HIRAGANA_KATAKANA,,,日本たばこ産業,にほんたばこさんぎょう,,nihontabakosangyou,Japan Tabacco,
399447,WORD_COMPANY_NAME,,HIRAGANA_KATAKANA,,,日本テレビ放送網,にっぽんテレビほうそうもう,,nipponterebihousoumou,Nippon Television Network,
399477,WORD_COMPANY_NAME,,HIRAGANA_KATAKANA,,,日本リース,にほんリース,,nihonriisu,Japan Leasing,
399522,WORD_COMPANY_NAME,,HIRAGANA_KATAKANA,,,日本債券信用銀行,にほんさいけんしんようぎんこう,,nihonsaikenshin'youginkou,Nippon Credit Bank,
399583,WORD_COMPANY_NAME,,HIRAGANA_KATAKANA,,,日本原子力発電,にほんげんしりょくはつでん,,nihongenshiryokuhatsuden,Japan Atomic Power,
399590,WORD_COMPANY_NAME,,HIRAGANA_KATAKANA,,,日本原燃,にほんげんねん,,nihongennen,Japan Nuclear Fuel Ltd.,
399610,WORD_COMPANY_NAME,,HIRAGANA_KATAKANA,,,日本国土開発,にほんこくどかいはつ,,nihonkokudokaihatsu,JDC Corporation,
399711,WORD_COMPANY_NAME,,HIRAGANA_KATAKANA,,,日本弁護士連合会,にほんべんごしれんごうかい,,nihonbengoshirengoukai,Japan Federation of Bar Associations,
399733,WORD_COMPANY_NAME,,HIRAGANA_KATAKANA,,,日本政策投資銀行,にほんせいさくとうしぎんこう,,nihonseisakutoushiginkou,Development Bank of Japan,
399872,WORD_COMPANY_NAME,,HIRAGANA_KATAKANA,,,日本海汽船,にっぽんかいきせん,,nipponkaikisen,Nihonkai Steamship Co. Ltd.,
399913,WORD_COMPANY_NAME,,HIRAGANA_KATAKANA,,,日本生命,にっぽんせいめい,,nipponseimei,Nippon Life,
399914,WORD_COMPANY_NAME,,HIRAGANA_KATAKANA,,,日本生命保険,にっぽんせいめいほけん,,nipponseimeihoken,Nippon Life Insurance,
400004,WORD_COMPANY_NAME,,HIRAGANA_KATAKANA,,,日本経済新聞,にほんけいざいしんぶん,,nihonkeizaishinbun,Nihon Keizai Shimbun (Japanese newspaper),
400006,WORD_COMPANY_NAME,,HIRAGANA_KATAKANA,,,日本経済新聞社,にほんけいざいしんぶんしゃ,,nihonkeizaishinbunsha,Nihon Keizai Shimbun (Japanese newspaper company),
400053,WORD_COMPANY_NAME,,HIRAGANA_KATAKANA,,,日本興亜損害保険,にっぽんこうあそんがいほけん,,nipponkouasongaihoken,Nipponkoa Insurance,
400054,WORD_COMPANY_NAME,,HIRAGANA_KATAKANA,,,日本興業銀行,にほんこうぎょうぎんこう,,nihonkougyouginkou,"Industrial Bank of Japan, Limited",
400152,WORD_COMPANY_NAME,,HIRAGANA_KATAKANA,,,日本通運,にっぽんつううん,,nippontsuuun,Nippon Express (global logistics provider),
400166,WORD_COMPANY_NAME,,HIRAGANA_KATAKANA,,,日本酸素,にほんさんそ,,nihonsanso,Nippon Sanso Corporation,
400192,WORD_COMPANY_NAME,,HIRAGANA_KATAKANA,,,日本鋼管,にっぽんこうかん,,nipponkoukan,NKK Corporation,
400215,WORD_COMPANY_NAME,,HIRAGANA_KATAKANA,,,日本電気,にっぽんでんき,,nippondenki,NEC (Nippon Electric Company),
400341,WORD_COMPANY_NAME,,HIRAGANA_KATAKANA,,,日榮,にちえい,,nichiei,Nichiei,
400581,WORD_COMPANY_NAME,,HIRAGANA_KATAKANA,,,日産自動車,にっさんじどうしゃ,,nissanjidousha,Nissan Motor,
400722,WORD_COMPANY_NAME,,HIRAGANA_KATAKANA,,,日立製作所,ひたちせいさくじょ,,hitachiseisakujo,Hitachi (Corporation),
400729,WORD_COMPANY_NAME,,HIRAGANA_KATAKANA,,,日立造船,ひたちぞうせん,,hitachizousen,Hitachi Zosen Corporation,
400734,WORD_COMPANY_NAME,,HIRAGANA_KATAKANA,,,日立金属,ひたちきんぞく,,hitachikinzoku,Hitachi Metals,
400892,WORD_COMPANY_NAME,,HIRAGANA_KATAKANA,,,日興コーディアルグループ,にっこうコーディアルグループ,,nikkoukoodiaruguruupu,Nikko Cordial Corporation (Japanese securities firm),
400893,WORD_COMPANY_NAME,,HIRAGANA_KATAKANA,,,日興シティグループ,にっこうシティループ,,nikkoushitiruupu,Nikko Citigroup (Japanese securities group),
401288,WORD_COMPANY_NAME,,HIRAGANA_KATAKANA,,,日野自動車,ひのじどうしゃ,,hinojidousha,Hino Motors (abbr),
403477,WORD_COMPANY_NAME,,HIRAGANA_KATAKANA,,,旭硝子,あさひがらす,,asahigarasu,Asahi Glass,
403555,WORD_COMPANY_NAME,,HIRAGANA_KATAKANA,,,旭電化工業,あさひでんかこうぎょう,,asahidenkakougyou,ADEKA Corporation (formerly known as Asahi Denka Corporation),
403622,WORD_COMPANY_NAME,,HIRAGANA_KATAKANA,,,旺文社,おうぶんしゃ,,oubunsha,Oubunsha (publisher),
406255,WORD_COMPANY_NAME,,HIRAGANA_KATAKANA,,,明治安田生命保険,めいじやすだせいめいほけん,,meijiyasudaseimeihoken,Meiji Yasuda Life Insurance,
407234,WORD_COMPANY_NAME,,HIRAGANA_KATAKANA,,,明電舎,めいでんしゃ,,meidensha,Meidensha Corporation,
409909,WORD_COMPANY_NAME,,HIRAGANA_KATAKANA,,,昭和アルミニウム,しょうわアルミニウム,,shouwaaruminiumu,Showa Aluminum Corporation,
410212,WORD_COMPANY_NAME,,HIRAGANA_KATAKANA,,,昭栄,しょうえい,,shouei,Shoei (motorcycle helmet manufacturing company),
410810,WORD_COMPANY_NAME,,HIRAGANA_KATAKANA,,,時事通信社,じじつうしんしゃ,,jijitsuushinsha,Jiji Press Co. (JP),
417459,WORD_COMPANY_NAME,,HIRAGANA_KATAKANA,,,最上恒産,さいじょうこうさん,,saijoukousan,Saijou Kousan (consortium),
418054,WORD_COMPANY_NAME,,HIRAGANA_KATAKANA,,,月桂冠,げっけいかん,,gekkeikan,Gekkeikan (sake manufacturer),
422132,WORD_COMPANY_NAME,,HIRAGANA_KATAKANA,,,朝日放送,あさひほうそう,,asahihousou,Asahi Broadcasting Corporation,
422135,WORD_COMPANY_NAME,,HIRAGANA_KATAKANA,,,朝日新聞,あさひしんぶん,,asahishinbun,Asahi Shimbun (Japanese newspaper),
422136,WORD_COMPANY_NAME,,HIRAGANA_KATAKANA,,,朝日新聞社,あさひしんぶんしゃ,,asahishinbunsha,The Asahai Shimbun Company,
422158,WORD_COMPANY_NAME,,HIRAGANA_KATAKANA,,,朝日生命保険,あさひせいめいほけん,,asahiseimeihoken,Asahi Life Insurance,
426758,WORD_COMPANY_NAME,,HIRAGANA_KATAKANA,,,末野興産,すえのこうさん,,suenokousan,Sueno Kosan (Japanese real estate company),
427042,WORD_COMPANY_NAME,,HIRAGANA_KATAKANA,,,本四海峡バス,ほんしかいきょうバス,,honshikaikyoubasu,Honshi Kaikyou Bus Company,
431355,WORD_COMPANY_NAME,,HIRAGANA_KATAKANA,,,村上開明堂,むらかみかいめいどう,,murakamikaimeidou,Murakami Corporation,
433811,WORD_COMPANY_NAME,,HIRAGANA_KATAKANA,,,東京ガス,とうきょうガス,,toukyougasu,Tokyo Gas,
433827,WORD_COMPANY_NAME,,HIRAGANA_KATAKANA,,,東京三菱ＵＦＪ銀行,とうきょうみつびしユーエフジェーぎんこう,,toukyoumitsubishiyuuefujeeginkou,Bank of Tokyo-Mitsubishi UFJ,
433826,WORD_COMPANY_NAME,,HIRAGANA_KATAKANA,,,東京三菱銀行,とうきょうみつびしぎんこう,,toukyoumitsubishiginkou,Bank of Tokyo-Mitsubishi (now Bank of Tokyo-Mitsubishi UFJ),
433832,WORD_COMPANY_NAME,,HIRAGANA_KATAKANA,,,東京創元社,とうきょうそうげんしゃ,,toukyousougensha,"Tokyo Sogensha Co., Ltd.",
433886,WORD_COMPANY_NAME,,HIRAGANA_KATAKANA,,,東京急行電鉄,とうきょうきゅうこうでんてつ,,toukyoukyuukoudentetsu,Tokyu Corporation,
433892,WORD_COMPANY_NAME,,HIRAGANA_KATAKANA,,,東京放送,とうきょうほうそう,,toukyouhousou,"Tokyo Broadcasting System, Inc.",
433901,WORD_COMPANY_NAME,,HIRAGANA_KATAKANA,,,東京海上日動,とうきょうかいじょうにちどう,,toukyoukaijounichidou,Tokio Marine & Nichido Fire Insurance,
433974,WORD_COMPANY_NAME,,HIRAGANA_KATAKANA,,,東京銀行,とうきょうぎんこう,,toukyouginkou,Bank of Tokyo Ltd.,
433975,WORD_COMPANY_NAME,,HIRAGANA_KATAKANA,,,東京電力,とうきょうでんりょく,,toukyoudenryoku,Tokyo Electric Power,
433977,WORD_COMPANY_NAME,,HIRAGANA_KATAKANA,,,東京電力株式会社,とうきょうでんりょくかぶしきがいしゃ,,toukyoudenryokukabushikigaisha,"Tokyo Electric Power Co., Inc.",
434505,WORD_COMPANY_NAME,,HIRAGANA_KATAKANA,,,東北電力,とうほくでんりょく,,touhokudenryoku,Tohoku Electric Power,
436169,WORD_COMPANY_NAME,,HIRAGANA_KATAKANA,,,東急ハンズ,とうきゅうハンズ,,toukyuuhanzu,Tokyu Hands (Japanese department store chain),
436330,WORD_COMPANY_NAME,,HIRAGANA_KATAKANA,,,東新潟ＬＮＧ火力発電,ひがしにいがたエルエヌジーかりょくはつでん,,higashiniigataeruenujiikaryokuhatsuden,East Niigata LNG Thermal Electric Power Generation,
437285,WORD_COMPANY_NAME,,HIRAGANA_KATAKANA,,,東海東京証券,とうかいとうきょうしょうけん,,toukaitoukyoushouken,Tokai Tokyo Securities,
437328,WORD_COMPANY_NAME,,HIRAGANA_KATAKANA,,,東海銀行,とうかいぎんこう,,toukaiginkou,"Tokai Bank, Limited",
438202,WORD_COMPANY_NAME,,HIRAGANA_KATAKANA,,,東芝松下ディスプレイテクノロジー,とうしばまつしたディスプレイテクノロジー,,toushibamatsushitadisupureitekunorojii,Toshiba Matsushita Display Technology,
438675,WORD_COMPANY_NAME,,HIRAGANA_KATAKANA,,,東邦生命保険,とうほうせいめいほけん,,touhouseimeihoken,Toho Mutual Life Insurance Company,
439151,WORD_COMPANY_NAME,,HIRAGANA_KATAKANA,,,東電,とうでん,,touden,"Tokyo Electric Power Co., Inc.",
439263,WORD_COMPANY_NAME,,HIRAGANA_KATAKANA,,,東食,とうしょく,,toushoku,Toshoku (Japanese trading company),
440046,WORD_COMPANY_NAME,,HIRAGANA_KATAKANA,,,松下電器産業,まつしたでんきさんぎょう,,matsushitadenkisangyou,Matsushita Electric Industrial,
440048,WORD_COMPANY_NAME,,HIRAGANA_KATAKANA,,,松下電子工業,まつしたでんしこうぎょう,,matsushitadenshikougyou,Matsushita Electronics Industry Corporation,
440050,WORD_COMPANY_NAME,,HIRAGANA_KATAKANA,,,松下電子部品株式会社,まつしたでんしぶひんかぶしきがいしゃ,,matsushitadenshibuhinkabushikigaisha,Matsushita Electronic Components Corporation,
440218,WORD_COMPANY_NAME,,HIRAGANA_KATAKANA,,,松井証券,まついしょうけん,,matsuishouken,Matsui Securities (Japanese online securities firm),
440400,WORD_COMPANY_NAME,,HIRAGANA_KATAKANA,,,松匠,まつしょう,,matsushou,Matsushou,
440558,WORD_COMPANY_NAME,,HIRAGANA_KATAKANA,,,松坂屋,まつざかや,,matsuzakaya,Matsuzakaya (major Japanese department store chain),
441681,WORD_COMPANY_NAME,,HIRAGANA_KATAKANA,,,松村組,まつむらぐみ,,matsumuragumi,Matsumura-Gumi Corporation,
445249,WORD_COMPANY_NAME,,HIRAGANA_KATAKANA,,,柏崎刈羽,かしさきかりわ,,kashisakikariwa,Kashiwazaki Kariwa,
445278,WORD_COMPANY_NAME,,HIRAGANA_KATAKANA,,,柏書房,かしわしょぼう,,kashiwashobou,Kashiwashobou (publisher),
450146,WORD_COMPANY_NAME,,HIRAGANA_KATAKANA,,,核燃料サイクル開発機構,かくねんりょうサイクルかいはつきこう,,kakunenryousaikurukaihatsukikou,Japan Nuclear Cycle Development Institute,
456978,WORD_COMPANY_NAME,,HIRAGANA_KATAKANA,,,森下仁丹,もりしたじんたん,,morishitajintan,"Morishita Jintan Co., Ltd.",
457605,WORD_COMPANY_NAME,,HIRAGANA_KATAKANA,,,森本組,もりもとぐみ,,morimotogumi,Morimoto Corporation,
457649,WORD_COMPANY_NAME,,HIRAGANA_KATAKANA,,,森林開発公団,しんりんかいはつこうだん,,shinrinkaihatsukoudan,Forest Development Corporation,
463524,WORD_COMPANY_NAME,,HIRAGANA_KATAKANA,,,横河電機,よこがわでんき,,yokogawadenki,Yokogawa Electric,
469339,WORD_COMPANY_NAME,,HIRAGANA_KATAKANA,,,正栄食品,しょうえいしょくひん,,shoueishokuhin,Shoei Foods Corporation,
470596,WORD_COMPANY_NAME,,HIRAGANA_KATAKANA,,,武富士,たけふじ,,takefuji,Takefuji Corporation,
471039,WORD_COMPANY_NAME,,HIRAGANA_KATAKANA,,,武田薬品工業,たけだやくひんこうぎょう,,takedayakuhinkougyou,Takeda Pharmaceutical,
472376,WORD_COMPANY_NAME,,HIRAGANA_KATAKANA,,,段谷産業,だんたにさんぎょう,,dantanisangyou,Dantani Corporation,
472909,WORD_COMPANY_NAME,,HIRAGANA_KATAKANA,,,毎日新聞社,まいにちしんぶんしゃ,,mainichishinbunsha,Mainichi Newspapers Co. Ltd (Japanese newspaper company),
480979,WORD_COMPANY_NAME,,HIRAGANA_KATAKANA,,,池田銀行,いけだぎんこう,,ikedaginkou,Ikeda Bank,
492386,WORD_COMPANY_NAME,,HIRAGANA_KATAKANA,,,浅沼組,あさぬまぐみ,,asanumagumi,Asanuma Corporation,
498861,WORD_COMPANY_NAME,,HIRAGANA_KATAKANA,,,淳久堂,じゅんくどう,,junkudou,Junkudo (Japanese bookstore chain),
500803,WORD_COMPANY_NAME,,HIRAGANA_KATAKANA,,,清水建設,しみずけんせつ,,shimizukensetsu,Shimizu Corporation,
501832,WORD_COMPANY_NAME,,HIRAGANA_KATAKANA,,,済美,さいび,,saibi,Saibi,
522780,WORD_COMPANY_NAME,,HIRAGANA_KATAKANA,,,珈琲苑,コーヒーえん,,koohiien,Kouhiien (name of a coffee shop),
522779,WORD_COMPANY_NAME,,HIRAGANA_KATAKANA,,,珈琲苑,こうひいえん,,kouhiien,Kouhiien (name of a coffee shop),
522781,WORD_COMPANY_NAME,,HIRAGANA_KATAKANA,,,珈琲館,こーひーかん,,koohiikan,Kohikan (Japanese coffee shop chain),
523356,WORD_COMPANY_NAME,,HIRAGANA_KATAKANA,,,現代,ヒュンダイ,,hyundai,(uk) Hyundai (car company),
524485,WORD_COMPANY_NAME,,HIRAGANA_KATAKANA,,,琉球銀行,りゅうきゅうぎんこう,,ryuukyuuginkou,"Bank of The Ryukyus, Limited",
527965,WORD_COMPANY_NAME,,HIRAGANA_KATAKANA,,,生化学工業,せいかがくこうぎょう,,seikagakukougyou,Seikagaku Corporation,
529077,WORD_COMPANY_NAME,,HIRAGANA_KATAKANA,,,産業経済新聞社,さんぎょうけいざいしんぶんしゃ,,sangyoukeizaishinbunsha,Sankei Shimbun (Japanese newspaper company),
538703,WORD_COMPANY_NAME,,HIRAGANA_KATAKANA,,,白水社,はくすいしゃ,,hakusuisha,Hakusuisha (publisher),
539686,WORD_COMPANY_NAME,,HIRAGANA_KATAKANA,,,白鶴,はくつる,,hakutsuru,Hakutsuru (brand of sake),
542613,WORD_COMPANY_NAME,,HIRAGANA_KATAKANA,,,盛進,せいしん,,seishin,Seishin,
553180,WORD_COMPANY_NAME,,HIRAGANA_KATAKANA,,,石井工作研究所,いしいこうさくけんきゅうじょ,,ishiikousakukenkyuujo,Ishii Tool & Engineering Corporation,
554664,WORD_COMPANY_NAME,,HIRAGANA_KATAKANA,,,石油開発公団,せきゆかいはつこうだん,,sekiyukaihatsukoudan,Japan Petroleum Development Corporation,
556473,WORD_COMPANY_NAME,,HIRAGANA_KATAKANA,,,研究社,けんきゅうしゃ,,kenkyuusha,Kenkyusha (publisher),
562584,WORD_COMPANY_NAME,,HIRAGANA_KATAKANA,,,神鋼,しんこう,,shinkou,Shinkou,
562585,WORD_COMPANY_NAME,,HIRAGANA_KATAKANA,,,神鋼商事,しんこうしょうじ,,shinkoushouji,Shinsho Corporation,
564954,WORD_COMPANY_NAME,,HIRAGANA_KATAKANA,,,福田組,ふくだぐみ,,fukudagumi,Fukuda Corporation,
565034,WORD_COMPANY_NAME,,HIRAGANA_KATAKANA,,,福祉医療機構,ふくしいりょうきこう,,fukushiiryoukikou,Welfare and Medical Service Agency,
567257,WORD_COMPANY_NAME,,HIRAGANA_KATAKANA,,,秋田書店,あきたしょてん,,akitashoten,Akita Shoten (publisher),
570633,WORD_COMPANY_NAME,,HIRAGANA_KATAKANA,,,積水化学,せきすいかがく,,sekisuikagaku,Sekisui Chemical Co. Ltd.,
570637,WORD_COMPANY_NAME,,HIRAGANA_KATAKANA,,,積水樹脂,せきすいじゅし,,sekisuijushi,Sekisui Jushi Corporation,
574754,WORD_COMPANY_NAME,,HIRAGANA_KATAKANA,,,竹中工務店,たけなかこうむてん,,takenakakoumuten,Takenaka Corporation,
576933,WORD_COMPANY_NAME,,HIRAGANA_KATAKANA,,,第一勧業銀行,だいいちかんぎょうぎんこう,,daiichikangyouginkou,Dai-Ichi Kangyo Bank (now merged into Mizuho Bank),
576934,WORD_COMPANY_NAME,,HIRAGANA_KATAKANA,,,第一勧銀,だいいちかんぎん,,daiichikangin,(abbr) Dai-Ichi Kangyo Bank (DKB) (now merged into Mizuho Bank),
576936,WORD_COMPANY_NAME,,HIRAGANA_KATAKANA,,,第一建設工業,だいいちけんせつこうぎょう,,daiichikensetsukougyou,Daiichi Kensetsu Corporation,
576938,WORD_COMPANY_NAME,,HIRAGANA_KATAKANA,,,第一生命保険,だいいちせいめいほけん,,daiichiseimeihoken,Dai-ichi Mutual Life Insurance Company,
576939,WORD_COMPANY_NAME,,HIRAGANA_KATAKANA,,,第一相銀,だいいちそうぎん,,daiichisougin,Daiichi Sougin (former bank),
576943,WORD_COMPANY_NAME,,HIRAGANA_KATAKANA,,,第一製薬,だいいちせいやく,,daiichiseiyaku,Daiichi Pharmaceutical,
577990,WORD_COMPANY_NAME,,HIRAGANA_KATAKANA,,,筑邦銀行,ちくほうぎんこう,,chikuhouginkou,Chikuho Bank,
578555,WORD_COMPANY_NAME,,HIRAGANA_KATAKANA,,,管理工学研究所,かんりこうがくけんきゅうしょ,,kanrikougakukenkyuusho,"Kanrikogaku Kenkyusho, Ltd.",
580451,WORD_COMPANY_NAME,,HIRAGANA_KATAKANA,,,簡保生命保険,かんぽせいめいほけん,,kanposeimeihoken,Postal Life Insurance,
598115,WORD_COMPANY_NAME,,HIRAGANA_KATAKANA,,,美津濃,みづの,,miduno,Mizuno Corporation,
599393,WORD_COMPANY_NAME,,HIRAGANA_KATAKANA,,,美術出版社,びじゅつしゅっぱんしゃ,,bijutsushuppansha,Bijutsu Shuppan-sha (publisher),
603004,WORD_COMPANY_NAME,,HIRAGANA_KATAKANA,,,翠明荘,すいめいそう,,suimeisou,Suimeiso (hotel and restaurant chain - suimeiso.co.jp),
611298,WORD_COMPANY_NAME,,HIRAGANA_KATAKANA,,,船舶整備公団,せんぱくせいびこうだん,,senpakuseibikoudan,Maritime Credit Corporation,
635573,WORD_COMPANY_NAME,,HIRAGANA_KATAKANA,,,藤沢製薬,ふじさわせいやく,,fujisawaseiyaku,Fujisawa Pharmaceutical (now Astellas Pharma),
638649,WORD_COMPANY_NAME,,HIRAGANA_KATAKANA,,,蝶矢,ちょうや,,chouya,Choya Corporation,
642284,WORD_COMPANY_NAME,,HIRAGANA_KATAKANA,,,製鉄公社,せいてつこうしゃ,,seitetsukousha,British Steel Corporation,
648064,WORD_COMPANY_NAME,,HIRAGANA_KATAKANA,,,西華産業,せいかさんぎょう,,seikasangyou,Seika Corporation,
651828,WORD_COMPANY_NAME,,HIRAGANA_KATAKANA,,,角川書店,かどかわしょてん,,kadokawashoten,Kadokawa Shoten (publisher),
654107,WORD_COMPANY_NAME,,HIRAGANA_KATAKANA,,,詳伝社,しょうでんしゃ,,shoudensha,Shoudensha (publisher),
655095,WORD_COMPANY_NAME,,HIRAGANA_KATAKANA,,,読売新聞,よみうりしんぶん,,yomiurishinbun,Yomiuri Shimbun (Japanese newspaper),
655096,WORD_COMPANY_NAME,,HIRAGANA_KATAKANA,,,読売新聞社,よみうりしんぶんしゃ,,yomiurishinbunsha,Yomiuri Shimbun (Japanese newspaper company),
656338,WORD_COMPANY_NAME,,HIRAGANA_KATAKANA,,,講談社,こうだんしゃ,,koudansha,Kodansha (publisher),
659006,WORD_COMPANY_NAME,,HIRAGANA_KATAKANA,,,豊生,ほうせい,,housei,Hosei Brake Company,
659102,WORD_COMPANY_NAME,,HIRAGANA_KATAKANA,,,豊田通商,とよだつうしょう,,toyodatsuushou,Toyota Tsusho Corporation,
659446,WORD_COMPANY_NAME,,HIRAGANA_KATAKANA,,,象印,ぞうじるし,,zoujirushi,Zojirushi,
659447,WORD_COMPANY_NAME,,HIRAGANA_KATAKANA,,,象印マホービン,ぞうじるしマホービン,,zoujirushimahoobin,Zojirushi Corporation,
662562,WORD_COMPANY_NAME,,HIRAGANA_KATAKANA,,,資生堂,しせいどう,,shiseidou,Shiseido (Japanese cosmetics firm),
664868,WORD_COMPANY_NAME,,HIRAGANA_KATAKANA,,,起亜,キア,,kia,Kia (car company),
668482,WORD_COMPANY_NAME,,HIRAGANA_KATAKANA,,,農林中央金庫,のうりんちゅうおうきんこ,,nourinchuuoukinko,Norinchukin Bank,
668483,WORD_COMPANY_NAME,,HIRAGANA_KATAKANA,,,農林中金,のうりんちゅうきん,,nourinchuukin,(abbr) Norinchukin Bank,
669537,WORD_COMPANY_NAME,,HIRAGANA_KATAKANA,,,近畿日本鉄道,きんきにっぽんてつどう,,kinkinippontetsudou,Kinki Nippon Tetsudou (railway company),
669538,WORD_COMPANY_NAME,,HIRAGANA_KATAKANA,,,近畿日本鉄道,きんきにほんてつどう,,kinkinihontetsudou,Kinki Nihon Tetsudou (railway company),
669803,WORD_COMPANY_NAME,,HIRAGANA_KATAKANA,,,近鉄電車,きんてつでんしゃ,,kintetsudensha,Kintetsu Railways,
671383,WORD_COMPANY_NAME,,HIRAGANA_KATAKANA,,,週刊現代,しゅうかんげんだい,,shuukangendai,Weekly Gendai (magazine),
677727,WORD_COMPANY_NAME,,HIRAGANA_KATAKANA,,,都市再生機構,としさいせいきこう,,toshisaiseikikou,Urban Rennaissance Agency,
682244,WORD_COMPANY_NAME,,HIRAGANA_KATAKANA,,,野村ホールディングス,のむらホールディングス,,nomurahoorudingusu,Nomura Holdings (Japanese securites firm),
682342,WORD_COMPANY_NAME,,HIRAGANA_KATAKANA,,,野村証券,のむらしょうけん,,nomurashouken,Nomura Securities,
684074,WORD_COMPANY_NAME,,HIRAGANA_KATAKANA,,,金商又一,きんしょうまたいち,,kinshoumataichi,Kinsho-Mataichi Corporation,
688886,WORD_COMPANY_NAME,,HIRAGANA_KATAKANA,,,銚子電鉄,ちょうしでんてつ,,choushidentetsu,Choushi Dentetsu,
689452,WORD_COMPANY_NAME,,HIRAGANA_KATAKANA,,,錢高組,ぜにたかぐみ,,zenitakagumi,Zenitaka Corporation,
697244,WORD_COMPANY_NAME,,HIRAGANA_KATAKANA,,,関西汽船,かんさいきせん,,kansaikisen,Kansai Kisen,
697260,WORD_COMPANY_NAME,,HIRAGANA_KATAKANA,,,関西電力,かんさいでんりょく,,kansaidenryoku,Kansai Electric Power,
697343,WORD_COMPANY_NAME,,HIRAGANA_KATAKANA,,,関電,かんでん,,kanden,(abbr) Kansai Electric Power,
697570,WORD_COMPANY_NAME,,HIRAGANA_KATAKANA,,,阪急百貨店,はんきゅうひゃっかてん,,hankyuuhyakkaten,Hankyu Department Store,
697571,WORD_COMPANY_NAME,,HIRAGANA_KATAKANA,,,阪急電鉄,はんきゅうでんてつ,,hankyuudentetsu,Hankyu Corporation,
697637,WORD_COMPANY_NAME,,HIRAGANA_KATAKANA,,,阪神バス,はんしんバス,,hanshinbasu,Hanshin Bus,
697643,WORD_COMPANY_NAME,,HIRAGANA_KATAKANA,,,阪神電鉄,はんしんでんてつ,,hanshindentetsu,Hanshin Electric Railway Co.,
697757,WORD_COMPANY_NAME,,HIRAGANA_KATAKANA,,,防長バス,ぼうちょうバス,,bouchoubasu,Bocho Bus,
697758,WORD_COMPANY_NAME,,HIRAGANA_KATAKANA,,,防長交通,ぼうちょうこうつう,,bouchoukoutsuu,Bocho Transport,
705198,WORD_COMPANY_NAME,,HIRAGANA_KATAKANA,,,集英社,しゅうえいしゃ,,shuueisha,Shueisha (publisher),
705209,WORD_COMPANY_NAME,,HIRAGANA_KATAKANA,,,雇用促進事業団,こようそくしんじぎょうだん,,koyousokushinjigyoudan,Employment Promotion Corporation,
707142,WORD_COMPANY_NAME,,HIRAGANA_KATAKANA,,,電源開発,でんげんかいはつ,,dengenkaihatsu,Electric Power Development,
708386,WORD_COMPANY_NAME,,HIRAGANA_KATAKANA,,,青心社,せいしんしゃ,,seishinsha,Seinshinsha (publisher),
708520,WORD_COMPANY_NAME,,HIRAGANA_KATAKANA,,,青木建設,あおきけんせつ,,aokikensetsu,Aoki Corporation,
711203,WORD_COMPANY_NAME,,HIRAGANA_KATAKANA,,,音塾,おとじゅく,,otojuku,Otojuku (seen in names of establishments and activities related to music education),
716319,WORD_COMPANY_NAME,,HIRAGANA_KATAKANA,,,飯田産業,いいださんぎょう,,iidasangyou,"Iida Home Max Co., Ltd",
726019,WORD_COMPANY_NAME,,HIRAGANA_KATAKANA,,,高麗航空,こうらいこうくう,,kouraikoukuu,Air Koryo,
732864,WORD_COMPANY_NAME,,HIRAGANA_KATAKANA,,,鹿島建設,かじまけんせつ,,kajimakensetsu,Kajima Corporation,
